date,kor3y,kor10y,us3y,us10y
2017-01-02,1.639,2.054,1.459,2.446
2017-01-03,1.616,2.061,1.481,2.448
2017-01-04,1.63,2.097,1.478,2.441
2017-01-05,1.607,2.064,1.408,2.348
2017-01-06,1.631,2.084,1.484,2.421
2017-01-07,1.64,2.102,1.4675,2.3945
2017-01-09,1.663,2.132,1.451,2.368
2017-01-10,1.643,2.101,1.449,2.378
2017-01-11,1.653,2.128,1.471,2.37
2017-01-12,1.625,2.067,1.453,2.361
2017-01-13,1.631,2.094,1.479,2.398
2017-01-14,1.622,2.085,1.4700000000000002,2.388
2017-01-16,1.633,2.119,1.461,2.378
2017-01-17,1.627,2.101,1.418,2.325
2017-01-18,1.65,2.125,1.509,2.428
2017-01-19,1.677,2.169,1.517,2.47
2017-01-20,1.655,2.126,1.488,2.467
2017-01-21,1.652,2.12,1.4585,2.434
2017-01-23,1.642,2.126,1.429,2.401
2017-01-24,1.627,2.103,1.485,2.465
2017-01-25,1.647,2.134,1.507,2.515
2017-01-26,1.684,2.191,1.494,2.512
2017-01-27,1.697,2.187,1.478,2.486
2017-01-31,1.675,2.153,1.47,2.466
2017-02-01,1.686,2.174,1.478,2.477
2017-02-02,1.675,2.155,1.47,2.474
2017-02-03,1.685,2.185,1.462,2.467
2017-02-04,1.68,2.18,1.436,2.442
2017-02-06,1.663,2.154,1.41,2.417
2017-02-07,1.644,2.136,1.419,2.397
2017-02-08,1.652,2.131,1.404,2.34
2017-02-09,1.648,2.124,1.455,2.397
2017-02-10,1.665,2.15,1.471,2.409
2017-02-11,1.657,2.141,1.4805000000000001,2.4225
2017-02-13,1.663,2.151,1.49,2.436
2017-02-14,1.652,2.135,1.536,2.472
2017-02-15,1.661,2.151,1.557,2.497
2017-02-16,1.657,2.144,1.503,2.447
2017-02-17,1.655,2.136,1.477,2.42
2017-02-18,1.652,2.14,1.4825,2.428
2017-02-20,1.67,2.184,1.488,2.436
2017-02-21,1.671,2.203,1.491,2.431
2017-02-22,1.691,2.246,1.477,2.415
2017-02-23,1.676,2.202,1.434,2.375
2017-02-24,1.667,2.175,1.394,2.315
2017-02-25,1.662,2.172,1.4224999999999999,2.341
2017-02-27,1.663,2.17,1.451,2.367
2017-02-28,1.674,2.162,1.524,2.397
2017-03-01,1.667,2.157,1.567,2.458
2017-03-02,1.713,2.225,1.589,2.481
2017-03-03,1.714,2.232,1.585,2.482
2017-03-04,1.707,2.22,1.5835,2.4880000000000004
2017-03-06,1.744,2.262,1.582,2.494
2017-03-07,1.785,2.313,1.61,2.518
2017-03-08,1.783,2.302,1.665,2.56
2017-03-09,1.787,2.317,1.695,2.609
2017-03-10,1.779,2.319,1.663,2.575
2017-03-11,1.767,2.307,1.675,2.6005000000000003
2017-03-13,1.762,2.297,1.687,2.626
2017-03-14,1.756,2.29,1.687,2.602
2017-03-15,1.758,2.268,1.587,2.5
2017-03-16,1.694,2.175,1.625,2.537
2017-03-17,1.67,2.178,1.606,2.5
2017-03-18,1.667,2.167,1.606,2.5
2017-03-20,1.672,2.186,1.571,2.463
2017-03-21,1.67,2.188,1.531,2.416
2017-03-22,1.662,2.152,1.52,2.403
2017-03-23,1.666,2.15,1.528,2.418
2017-03-24,1.679,2.175,1.533,2.418
2017-03-25,1.68,2.185,1.5256666666666665,2.404666666666667
2017-03-26,1.68,2.185,1.5183333333333333,2.3913333333333333
2017-03-27,1.65,2.149,1.511,2.378
2017-03-28,1.657,2.161,1.554,2.42
2017-03-29,1.653,2.159,1.516,2.38
2017-03-30,1.665,2.184,1.535,2.421
2017-03-31,1.655,2.172,1.497,2.389
2017-04-01,1.67,2.187,1.467,2.356
2017-04-03,1.67,2.178,1.437,2.323
2017-04-04,1.646,2.139,1.472,2.364
2017-04-05,1.656,2.141,1.44,2.339
2017-04-06,1.679,2.182,1.445,2.341
2017-04-07,1.68,2.19,1.51,2.382
2017-04-08,1.68,2.197,1.506,2.374
2017-04-10,1.723,2.253,1.502,2.366
2017-04-11,1.694,2.204,1.462,2.298
2017-04-12,1.686,2.205,1.417,2.244
2017-04-13,1.674,2.172,1.409,2.232
2017-04-14,1.685,2.194,1.408,2.2373333333333334
2017-04-15,1.675,2.184,1.407,2.242666666666667
2017-04-17,1.673,2.17,1.406,2.248
2017-04-18,1.677,2.172,1.353,2.172
2017-04-19,1.669,2.142,1.385,2.216
2017-04-20,1.675,2.145,1.403,2.236
2017-04-21,1.682,2.165,1.4,2.246
2017-04-22,1.684,2.167,1.4,2.246
2017-04-24,1.701,2.205,1.433,2.273
2017-04-25,1.678,2.194,1.481,2.334
2017-04-26,1.683,2.208,1.457,2.303
2017-04-27,1.673,2.196,1.441,2.3
2017-04-28,1.679,2.2,1.451,2.289
2017-04-29,1.67,2.192,1.4495,2.2880000000000003
2017-05-02,1.69,2.24,1.448,2.287
2017-05-03,1.685,2.237,1.484,2.322
2017-05-04,1.68,2.21,1.503,2.352
2017-05-05,1.682,2.212,1.505,2.351
2017-05-07,1.682,2.212,1.519,2.37
2017-05-08,1.711,2.245,1.533,2.389
2017-05-09,1.7,2.237,1.541,2.398
2017-05-10,1.729,2.297,1.567,2.411
2017-05-11,1.731,2.306,1.551,2.393
2017-05-12,1.709,2.287,1.487,2.326
2017-05-13,1.707,2.292,1.492,2.3345000000000002
2017-05-15,1.708,2.297,1.497,2.343
2017-05-16,1.718,2.298,1.492,2.326
2017-05-17,1.688,2.254,1.417,2.223
2017-05-18,1.686,2.255,1.438,2.228
2017-05-19,1.679,2.247,1.449,2.235
2017-05-20,1.665,2.232,1.4515,2.2435
2017-05-22,1.685,2.27,1.454,2.252
2017-05-23,1.683,2.255,1.487,2.282
2017-05-24,1.693,2.269,1.446,2.252
2017-05-25,1.687,2.259,1.457,2.255
2017-05-26,1.678,2.237,1.457,2.25
2017-05-27,1.674,2.235,1.457,2.2465
2017-05-29,1.674,2.246,1.457,2.243
2017-05-30,1.657,2.223,1.435,2.208
2017-05-31,1.655,2.222,1.435,2.206
2017-06-01,1.645,2.212,1.443,2.213
2017-06-02,1.63,2.209,1.426,2.159
2017-06-03,1.625,2.197,1.4355,2.171
2017-06-05,1.623,2.177,1.445,2.183
2017-06-06,1.617,2.175,1.421,2.145
2017-06-07,1.621,2.16,1.448,2.176
2017-06-08,1.637,2.173,1.459,2.192
2017-06-09,1.645,2.165,1.481,2.202
2017-06-12,1.699,2.224,1.489,2.214
2017-06-13,1.661,2.177,1.508,2.211
2017-06-14,1.685,2.174,1.465,2.127
2017-06-15,1.683,2.123,1.495,2.164
2017-06-16,1.695,2.152,1.473,2.153
2017-06-17,1.697,2.159,1.4985,2.1719999999999997
2017-06-19,1.683,2.158,1.524,2.191
2017-06-20,1.688,2.142,1.497,2.157
2017-06-21,1.693,2.139,1.5,2.165
2017-06-22,1.701,2.135,1.484,2.148
2017-06-23,1.687,2.129,1.481,2.144
2017-06-24,1.685,2.13,1.481,2.141
2017-06-25,1.685,2.13,1.481,2.138
2017-06-26,1.687,2.125,1.481,2.135
2017-06-27,1.682,2.119,1.519,2.203
2017-06-28,1.711,2.178,1.505,2.226
2017-06-29,1.699,2.184,1.524,2.267
2017-06-30,1.698,2.214,1.549,2.304
2017-07-01,1.7,2.212,1.549,2.304
2017-07-02,1.7,2.212,1.5665,2.3259999999999996
2017-07-03,1.718,2.235,1.584,2.348
2017-07-04,1.742,2.279,1.579,2.334
2017-07-05,1.745,2.278,1.579,2.327
2017-07-06,1.747,2.281,1.587,2.368
2017-07-07,1.784,2.327,1.593,2.386
2017-07-08,1.777,2.317,1.5835,2.3795
2017-07-10,1.759,2.293,1.574,2.373
2017-07-11,1.764,2.278,1.555,2.361
2017-07-12,1.762,2.268,1.538,2.319
2017-07-13,1.743,2.234,1.562,2.348
2017-07-14,1.752,2.252,1.548,2.332
2017-07-15,1.745,2.247,1.5453333333333334,2.326
2017-07-16,1.745,2.247,1.5426666666666666,2.32
2017-07-17,1.751,2.275,1.54,2.314
2017-07-18,1.742,2.25,1.519,2.261
2017-07-19,1.748,2.259,1.524,2.271
2017-07-20,1.74,2.236,1.508,2.257
2017-07-21,1.721,2.218,1.497,2.237
2017-07-22,1.722,2.22,1.5023333333333333,2.243666666666667
2017-07-23,1.721,2.22,1.5076666666666667,2.2503333333333333
2017-07-24,1.72,2.22,1.513,2.257
2017-07-25,1.708,2.203,1.559,2.332
2017-07-26,1.731,2.249,1.511,2.293
2017-07-27,1.713,2.213,1.522,2.319
2017-07-28,1.725,2.234,1.505,2.291
2017-07-29,1.715,2.225,1.508,2.2935
2017-07-31,1.725,2.225,1.511,2.296
2017-08-01,1.734,2.258,1.492,2.253
2017-08-02,1.73,2.244,1.511,2.271
2017-08-03,1.737,2.249,1.478,2.219
2017-08-04,1.741,2.249,1.505,2.264
2017-08-05,1.742,2.253,1.506,2.2616666666666667
2017-08-06,1.742,2.253,1.507,2.259333333333333
2017-08-07,1.77,2.28,1.508,2.257
2017-08-08,1.813,2.318,1.5,2.262
2017-08-09,1.835,2.339,1.503,2.249
2017-08-10,1.826,2.328,1.484,2.201
2017-08-11,1.8,2.303,1.449,2.191
2017-08-12,1.802,2.295,1.464,2.2075
2017-08-14,1.802,2.3,1.479,2.224
2017-08-15,1.807,2.303,1.519,2.273
2017-08-16,1.824,2.334,1.487,2.226
2017-08-17,1.802,2.32,1.46,2.185
2017-08-18,1.776,2.312,1.462,2.197
2017-08-19,1.782,2.317,1.4569999999999999,2.19
2017-08-21,1.783,2.301,1.452,2.183
2017-08-22,1.802,2.304,1.476,2.217
2017-08-23,1.802,2.302,1.446,2.169
2017-08-24,1.802,2.287,1.473,2.196
2017-08-25,1.752,2.253,1.467,2.169
2017-08-26,1.752,2.252,1.4605000000000001,2.1639999999999997
2017-08-28,1.761,2.253,1.454,2.159
2017-08-29,1.77,2.262,1.424,2.129
2017-08-30,1.75,2.244,1.438,2.136
2017-08-31,1.746,2.261,1.432,2.121
2017-09-01,1.746,2.27,1.462,2.166
2017-09-02,1.747,2.277,1.4383333333333332,2.131666666666667
2017-09-04,1.785,2.308,1.4146666666666667,2.0973333333333333
2017-09-05,1.783,2.308,1.391,2.063
2017-09-06,1.777,2.28,1.413,2.106
2017-09-07,1.784,2.274,1.372,2.042
2017-09-08,1.758,2.24,1.374,2.054
2017-09-10,1.752,2.235,1.407,2.094
2017-09-11,1.756,2.25,1.44,2.134
2017-09-12,1.754,2.251,1.466,2.167
2017-09-13,1.741,2.241,1.485,2.194
2017-09-14,1.743,2.244,1.501,2.187
2017-09-15,1.739,2.248,1.525,2.202
2017-09-16,1.737,2.25,1.5345,2.218
2017-09-18,1.742,2.264,1.544,2.234
2017-09-19,1.782,2.292,1.547,2.246
2017-09-20,1.78,2.284,1.593,2.273
2017-09-21,1.782,2.28,1.599,2.278
2017-09-22,1.776,2.268,1.58,2.253
2017-09-23,1.775,2.262,1.5705,2.2375
2017-09-25,1.787,2.269,1.561,2.222
2017-09-26,1.833,2.31,1.572,2.236
2017-09-27,1.885,2.359,1.597,2.31
2017-09-28,1.887,2.392,1.576,2.309
2017-09-29,1.889,2.375,1.628,2.339
2017-09-30,1.887,2.37,1.628,2.34
2017-10-02,1.887,2.37,1.628,2.341
2017-10-03,1.887,2.37,1.612,2.325
2017-10-09,1.9135,2.37,1.646,2.361
2017-10-10,1.94,2.418,1.635,2.355
2017-10-11,1.932,2.418,1.647,2.353
2017-10-12,1.899,2.389,1.665,2.321
2017-10-13,1.917,2.391,1.633,2.275
2017-10-14,1.912,2.39,1.6585,2.29
2017-10-16,1.925,2.395,1.684,2.305
2017-10-17,1.948,2.401,1.687,2.302
2017-10-18,1.935,2.392,1.708,2.345
2017-10-19,2.005,2.429,1.668,2.318
2017-10-20,2.085,2.471,1.717,2.383
2017-10-21,2.087,2.47,1.7116666666666667,2.3786666666666667
2017-10-22,2.087,2.47,1.7063333333333335,2.3743333333333334
2017-10-23,2.032,2.461,1.701,2.37
2017-10-24,2.057,2.456,1.728,2.421
2017-10-25,2.095,2.503,1.731,2.435
2017-10-26,2.181,2.543,1.753,2.463
2017-10-27,2.168,2.539,1.723,2.415
2017-10-28,2.16,2.535,1.7146666666666668,2.4
2017-10-29,2.16,2.535,1.7063333333333333,2.3850000000000002
2017-10-30,2.136,2.521,1.698,2.37
2017-10-31,2.161,2.568,1.726,2.378
2017-11-01,2.143,2.547,1.737,2.372
2017-11-02,2.127,2.529,1.723,2.349
2017-11-03,2.128,2.525,1.732,2.332
2017-11-04,2.145,2.532,1.729,2.325
2017-11-06,2.153,2.549,1.726,2.318
2017-11-07,2.133,2.541,1.737,2.316
2017-11-08,2.155,2.543,1.771,2.334
2017-11-09,2.146,2.537,1.761,2.34
2017-11-10,2.155,2.561,1.79,2.402
2017-11-11,2.157,2.57,1.8035,2.4045
2017-11-13,2.181,2.582,1.817,2.407
2017-11-14,2.212,2.61,1.812,2.375
2017-11-15,2.178,2.571,1.798,2.326
2017-11-16,2.168,2.56,1.828,2.375
2017-11-17,2.176,2.57,1.823,2.345
2017-11-18,2.172,2.57,1.8405,2.3565
2017-11-20,2.158,2.547,1.858,2.368
2017-11-21,2.156,2.542,1.877,2.358
2017-11-22,2.171,2.541,1.831,2.32
2017-11-23,2.134,2.52,1.842,2.326
2017-11-24,2.17,2.537,1.845,2.34
2017-11-25,2.167,2.54,1.841,2.3354999999999997
2017-11-27,2.156,2.531,1.837,2.331
2017-11-28,2.115,2.478,1.84,2.326
2017-11-29,2.114,2.482,1.867,2.388
2017-11-30,2.075,2.475,1.897,2.415
2017-12-01,2.086,2.491,1.892,2.363
2017-12-02,2.077,2.485,1.9075,2.3674999999999997
2017-12-04,2.084,2.487,1.923,2.372
2017-12-05,2.112,2.502,1.931,2.353
2017-12-06,2.081,2.464,1.915,2.34
2017-12-07,2.098,2.484,1.912,2.362
2017-12-08,2.08,2.485,1.91,2.378
2017-12-09,2.0835,2.48,1.9249999999999998,2.3840000000000003
2017-12-11,2.087,2.483,1.94,2.39
2017-12-12,2.077,2.456,1.956,2.403
2017-12-13,2.079,2.452,1.894,2.348
2017-12-14,2.079,2.45,1.923,2.349
2017-12-15,2.078,2.433,1.948,2.351
2017-12-16,2.071,2.43,1.948,2.351
2017-12-18,2.09,2.432,1.948,2.394
2017-12-19,2.097,2.451,1.978,2.459
2017-12-20,2.087,2.467,1.986,2.497
2017-12-21,2.094,2.485,1.994,2.484
2017-12-22,2.131,2.496,2.011,2.485
2017-12-23,2.123,2.49,2.0140000000000002,2.4795
2017-12-26,2.129,2.491,2.017,2.474
2017-12-27,2.149,2.494,1.979,2.412
2017-12-28,2.136,2.47,2.0,2.434
2017-12-29,2.134,2.467,1.973,2.405
2018-01-02,2.118,2.488,2.012,2.461
2018-01-03,2.126,2.508,2.015,2.445
2018-01-04,2.142,2.523,2.04,2.453
2018-01-05,2.098,2.519,2.06,2.476
2018-01-06,2.093,2.515,2.06,2.4779999999999998
2018-01-08,2.14,2.542,2.06,2.48
2018-01-09,2.147,2.564,2.079,2.551
2018-01-10,2.171,2.638,2.092,2.559
2018-01-11,2.151,2.589,2.095,2.537
2018-01-12,2.176,2.623,2.116,2.55
2018-01-13,2.167,2.617,2.12,2.551
2018-01-15,2.223,2.657,2.124,2.552
2018-01-16,2.225,2.642,2.125,2.539
2018-01-17,2.227,2.637,2.165,2.587
2018-01-18,2.173,2.621,2.171,2.624
2018-01-19,2.17,2.636,2.201,2.661
2018-01-20,2.172,2.64,2.201,2.6585
2018-01-22,2.202,2.649,2.201,2.656
2018-01-23,2.193,2.658,2.177,2.617
2018-01-24,2.197,2.643,2.199,2.648
2018-01-25,2.215,2.659,2.202,2.624
2018-01-26,2.222,2.679,2.241,2.66
2018-01-27,2.222,2.68,2.248,2.6795
2018-01-29,2.281,2.744,2.255,2.699
2018-01-30,2.303,2.781,2.264,2.724
2018-01-31,2.274,2.769,2.292,2.713
2018-02-01,2.249,2.756,2.319,2.782
2018-02-02,2.25,2.756,2.323,2.841
2018-02-03,2.245,2.752,2.258,2.7750000000000004
2018-02-05,2.286,2.804,2.193,2.709
2018-02-06,2.253,2.748,2.285,2.805
2018-02-07,2.25,2.718,2.323,2.834
2018-02-08,2.27,2.744,2.307,2.828
2018-02-09,2.277,2.757,2.285,2.857
2018-02-10,2.287,2.767,2.2960000000000003,2.858
2018-02-12,2.3,2.806,2.307,2.859
2018-02-13,2.278,2.78,2.312,2.833
2018-02-14,2.265,2.763,2.402,2.913
2018-02-15,2.263,2.752,2.405,2.906
2018-02-18,2.263,2.752,2.4095,2.8975
2018-02-19,2.301,2.798,2.414,2.889
2018-02-20,2.316,2.806,2.408,2.891
2018-02-21,2.306,2.801,2.438,2.952
2018-02-22,2.304,2.804,2.414,2.919
2018-02-23,2.285,2.792,2.39,2.866
2018-02-24,2.28,2.797,2.383,2.865
2018-02-26,2.263,2.763,2.376,2.864
2018-02-27,2.258,2.729,2.426,2.901
2018-02-28,2.266,2.736,2.412,2.864
2018-03-01,2.265,2.735,2.363,2.811
2018-03-02,2.284,2.735,2.401,2.868
2018-03-03,2.305,2.755,2.4015,2.8754999999999997
2018-03-05,2.313,2.737,2.402,2.883
2018-03-06,2.312,2.759,2.418,2.886
2018-03-07,2.297,2.727,2.419,2.881
2018-03-08,2.286,2.73,2.413,2.857
2018-03-09,2.293,2.743,2.433,2.896
2018-03-10,2.295,2.747,2.4275,2.8810000000000002
2018-03-12,2.305,2.759,2.422,2.866
2018-03-13,2.302,2.746,2.413,2.844
2018-03-14,2.274,2.711,2.41,2.819
2018-03-15,2.268,2.703,2.429,2.826
2018-03-16,2.279,2.712,2.446,2.845
2018-03-17,2.27,2.715,2.4530000000000003,2.85
2018-03-19,2.276,2.724,2.46,2.855
2018-03-20,2.286,2.732,2.495,2.9
2018-03-21,2.292,2.723,2.462,2.881
2018-03-22,2.256,2.694,2.427,2.823
2018-03-23,2.223,2.648,2.405,2.813
2018-03-24,2.222,2.65,2.423,2.8325
2018-03-26,2.244,2.687,2.441,2.852
2018-03-27,2.233,2.677,2.389,2.775
2018-03-28,2.222,2.639,2.408,2.783
2018-03-29,2.228,2.642,2.386,2.741
2018-03-30,2.216,2.624,2.3803333333333336,2.7383333333333333
2018-03-31,2.217,2.622,2.3746666666666667,2.735666666666667
2018-04-02,2.226,2.644,2.369,2.733
2018-04-03,2.193,2.634,2.408,2.781
2018-04-04,2.17,2.618,2.433,2.808
2018-04-05,2.175,2.632,2.444,2.834
2018-04-06,2.156,2.607,2.4,2.775
2018-04-07,2.162,2.602,2.407,2.778
2018-04-09,2.166,2.613,2.414,2.781
2018-04-10,2.188,2.622,2.444,2.801
2018-04-11,2.167,2.596,2.443,2.779
2018-04-12,2.159,2.581,2.503,2.843
2018-04-13,2.155,2.598,2.5,2.825
2018-04-14,2.155,2.607,2.5073333333333334,2.8263333333333334
2018-04-15,2.162,2.607,2.5146666666666664,2.827666666666667
2018-04-16,2.169,2.625,2.522,2.829
2018-04-17,2.179,2.636,2.53,2.83
2018-04-18,2.199,2.656,2.577,2.875
2018-04-19,2.199,2.649,2.586,2.914
2018-04-20,2.201,2.672,2.619,2.96
2018-04-21,2.192,2.665,2.6256666666666666,2.9656666666666665
2018-04-22,2.192,2.665,2.6323333333333334,2.9713333333333334
2018-04-23,2.235,2.726,2.639,2.977
2018-04-24,2.229,2.727,2.636,3.0
2018-04-25,2.245,2.76,2.639,3.032
2018-04-26,2.236,2.751,2.623,2.983
2018-04-27,2.201,2.7,2.618,2.959
2018-04-28,2.2,2.695,2.6216666666666666,2.957666666666667
2018-04-29,2.208,2.695,2.6253333333333333,2.9563333333333333
2018-04-30,2.216,2.712,2.629,2.955
2018-05-01,2.217,2.717,2.643,2.968
2018-05-02,2.237,2.751,2.638,2.976
2018-05-03,2.245,2.75,2.619,2.948
2018-05-04,2.281,2.761,2.639,2.951
2018-05-05,2.28,2.762,2.642,2.9615
2018-05-08,2.312,2.787,2.645,2.972
2018-05-09,2.31,2.805,2.685,3.006
2018-05-10,2.276,2.771,2.688,2.964
2018-05-11,2.286,2.785,2.693,2.97
2018-05-12,2.282,2.785,2.7015000000000002,2.9859999999999998
2018-05-14,2.311,2.796,2.71,3.002
2018-05-15,2.313,2.816,2.748,3.072
2018-05-16,2.292,2.8,2.767,3.104
2018-05-17,2.262,2.794,2.754,3.115
2018-05-18,2.239,2.772,2.713,3.06
2018-05-19,2.22,2.75,2.7183333333333333,3.0593333333333335
2018-05-20,2.22,2.75,2.723666666666667,3.0586666666666664
2018-05-21,2.252,2.769,2.729,3.058
2018-05-22,2.249,2.765,2.729,3.063
2018-05-23,2.244,2.755,2.663,2.993
2018-05-24,2.191,2.719,2.65,2.977
2018-05-25,2.197,2.712,2.608,2.931
2018-05-26,2.202,2.72,2.599666666666667,2.92
2018-05-27,2.2055,2.72,2.5913333333333335,2.9090000000000003
2018-05-28,2.209,2.727,2.583,2.898
2018-05-29,2.191,2.697,2.449,2.79
2018-05-30,2.19,2.696,2.536,2.857
2018-05-31,2.196,2.694,2.558,2.86
2018-06-01,2.193,2.703,2.602,2.902
2018-06-02,2.187,2.702,2.6186666666666665,2.916
2018-06-03,2.187,2.702,2.6353333333333335,2.93
2018-06-04,2.213,2.733,2.652,2.944
2018-06-05,2.201,2.716,2.619,2.926
2018-06-06,2.202,2.717,2.655,2.974
2018-06-07,2.218,2.75,2.622,2.922
2018-06-08,2.194,2.72,2.636,2.948
2018-06-09,2.205,2.706,2.642333333333333,2.949333333333333
2018-06-10,2.205,2.706,2.6486666666666667,2.9506666666666668
2018-06-11,2.224,2.732,2.655,2.952
2018-06-12,2.227,2.721,2.677,2.964
2018-06-13,2.215,2.715,2.707,2.974
2018-06-14,2.227,2.711,2.693,2.935
2018-06-15,2.185,2.671,2.68,2.922
2018-06-16,2.192,2.677,2.677,2.9203333333333332
2018-06-17,2.192,2.677,2.674,2.9186666666666667
2018-06-18,2.178,2.65,2.671,2.917
2018-06-19,2.166,2.62,2.652,2.897
2018-06-20,2.166,2.619,2.68,2.937
2018-06-21,2.153,2.594,2.647,2.899
2018-06-22,2.145,2.607,2.644,2.895
2018-06-23,2.147,2.613,2.6393333333333335,2.8906666666666667
2018-06-24,2.147,2.613,2.6346666666666665,2.8863333333333334
2018-06-25,2.145,2.608,2.63,2.882
2018-06-26,2.149,2.62,2.625,2.877
2018-06-27,2.123,2.576,2.589,2.827
2018-06-28,2.113,2.554,2.6,2.84
2018-06-29,2.124,2.555,2.625,2.86
2018-06-30,2.122,2.555,2.6313333333333335,2.8636666666666666
2018-07-01,2.122,2.555,2.6376666666666666,2.8673333333333333
2018-07-02,2.126,2.531,2.644,2.871
2018-07-03,2.139,2.577,2.622,2.833
2018-07-04,2.118,2.547,2.63,2.842
2018-07-05,2.095,2.545,2.644,2.833
2018-07-06,2.106,2.557,2.633,2.824
2018-07-07,2.097,2.555,2.642333333333333,2.8353333333333333
2018-07-08,2.097,2.555,2.651666666666667,2.8466666666666667
2018-07-09,2.107,2.559,2.661,2.858
2018-07-10,2.097,2.555,2.68,2.867
2018-07-11,2.059,2.52,2.666,2.84
2018-07-12,2.088,2.535,2.677,2.849
2018-07-13,2.106,2.556,2.655,2.829
2018-07-14,2.102,2.557,2.662333333333333,2.838
2018-07-15,2.102,2.557,2.6696666666666666,2.847
2018-07-16,2.089,2.547,2.677,2.856
2018-07-17,2.095,2.552,2.688,2.86
2018-07-18,2.089,2.53,2.693,2.875
2018-07-19,2.088,2.539,2.661,2.838
2018-07-20,2.078,2.522,2.68,2.895
2018-07-21,2.075,2.522,2.695666666666667,2.9166666666666665
2018-07-22,2.075,2.522,2.711333333333333,2.9383333333333335
2018-07-23,2.076,2.535,2.727,2.96
2018-07-24,2.093,2.575,2.735,2.95
2018-07-25,2.079,2.547,2.76,2.973
2018-07-26,2.072,2.55,2.777,2.982
2018-07-27,2.114,2.572,2.763,2.958
2018-07-28,2.11,2.57,2.763,2.9636666666666667
2018-07-29,2.11,2.57,2.763,2.9693333333333336
2018-07-30,2.129,2.573,2.763,2.975
2018-07-31,2.118,2.54,2.769,2.962
2018-08-01,2.126,2.593,2.783,3.004
2018-08-02,2.115,2.574,2.761,2.986
2018-08-03,2.112,2.582,2.733,2.951
2018-08-04,2.102,2.575,2.732,2.949
2018-08-05,2.102,2.575,2.731,2.947
2018-08-06,2.098,2.561,2.73,2.945
2018-08-07,2.082,2.557,2.764,2.977
2018-08-08,2.073,2.558,2.764,2.964
2018-08-09,2.051,2.521,2.739,2.929
2018-08-10,2.039,2.488,2.682,2.873
2018-08-11,2.04,2.496,2.6846666666666668,2.8743333333333334
2018-08-12,2.04,2.496,2.687333333333333,2.8756666666666666
2018-08-13,2.051,2.506,2.69,2.877
2018-08-14,2.066,2.506,2.712,2.9
2018-08-15,2.06,2.495,2.682,2.864
2018-08-16,2.055,2.475,2.687,2.87
2018-08-17,2.001,2.435,2.684,2.864
2018-08-18,1.99,2.427,2.672,2.8489999999999998
2018-08-19,1.99,2.427,2.66,2.834
2018-08-20,1.99,2.406,2.648,2.819
2018-08-21,1.917,2.381,2.673,2.842
2018-08-22,1.961,2.398,2.654,2.821
2018-08-23,1.963,2.395,2.676,2.828
2018-08-24,1.965,2.381,2.675,2.813
2018-08-25,1.957,2.377,2.683333333333333,2.8240000000000003
2018-08-26,1.957,2.377,2.691666666666667,2.835
2018-08-27,1.965,2.372,2.7,2.846
2018-08-28,1.965,2.353,2.73,2.884
2018-08-29,1.954,2.362,2.747,2.886
2018-08-30,1.98,2.367,2.714,2.859
2018-08-31,1.92,2.312,2.694,2.86
2018-09-01,1.91,2.31,2.697,2.8606666666666665
2018-09-02,1.91,2.31,2.6999999999999997,2.8613333333333335
2018-09-03,1.92,2.291,2.703,2.862
2018-09-04,1.911,2.297,2.725,2.898
2018-09-05,1.901,2.276,2.722,2.904
2018-09-06,1.909,2.271,2.7,2.878
2018-09-07,1.922,2.27,2.775,2.939
2018-09-08,1.912,2.262,2.7766666666666664,2.937666666666667
2018-09-09,1.912,2.262,2.7783333333333333,2.9363333333333332
2018-09-10,1.919,2.26,2.78,2.935
2018-09-11,1.923,2.274,2.822,2.981
2018-09-12,1.893,2.255,2.821,2.964
2018-09-13,1.921,2.259,2.829,2.974
2018-09-14,1.961,2.308,2.857,3.0
2018-09-15,1.957,2.31,2.8533333333333335,2.998
2018-09-16,1.957,2.31,2.849666666666667,2.996
2018-09-17,1.965,2.314,2.846,2.994
2018-09-18,1.985,2.341,2.885,3.057
2018-09-19,1.989,2.37,2.887,3.066
2018-09-20,2.033,2.426,2.896,3.065
2018-09-21,2.027,2.414,2.891,3.066
2018-09-22,2.015,2.41,2.8956666666666666,3.0736666666666665
2018-09-23,2.015,2.41,2.900333333333333,3.0813333333333333
2018-09-24,2.015,2.41,2.905,3.089
2018-09-25,2.015,2.41,2.916,3.098
2018-09-26,2.015,2.41,2.88,3.048
2018-09-27,2.006,2.376,2.891,3.056
2018-09-28,2.007,2.358,2.886,3.065
2018-09-29,2.002,2.355,2.8876666666666666,3.072
2018-09-30,2.002,2.355,2.8893333333333335,3.0789999999999997
2018-10-01,2.022,2.384,2.891,3.086
2018-10-02,2.013,2.369,2.883,3.061
2018-10-03,2.015,2.375,2.964,3.181
2018-10-04,2.067,2.446,2.964,3.187
2018-10-05,2.085,2.455,2.985,3.233
2018-10-06,2.08,2.445,2.9793333333333334,3.2323333333333335
2018-10-07,2.08,2.445,2.9736666666666665,3.2316666666666665
2018-10-08,2.094,2.455,2.968,3.231
2018-10-09,2.085,2.442,2.979,3.206
2018-10-10,2.059,2.413,2.935,3.174
2018-10-11,2.009,2.358,2.938,3.146
2018-10-12,2.052,2.4,2.949,3.167
2018-10-13,2.05,2.4,2.9473333333333334,3.163333333333333
2018-10-14,2.05,2.4,2.9456666666666664,3.159666666666667
2018-10-15,2.053,2.38,2.944,3.156
2018-10-16,2.049,2.381,2.955,3.163
2018-10-17,2.024,2.341,2.988,3.207
2018-10-18,1.981,2.292,2.957,3.177
2018-10-19,1.992,2.319,2.985,3.196
2018-10-20,1.982,2.322,2.9859999999999998,3.1973333333333334
2018-10-21,1.982,2.322,2.987,3.198666666666667
2018-10-22,2.009,2.344,2.988,3.2
2018-10-23,1.988,2.307,2.955,3.171
2018-10-24,2.008,2.31,2.894,3.111
2018-10-25,1.981,2.265,2.908,3.126
2018-10-26,1.964,2.244,2.858,3.077
2018-10-27,1.97,2.252,2.8636666666666666,3.081
2018-10-28,1.97,2.252,2.8693333333333335,3.085
2018-10-29,1.899,2.179,2.875,3.089
2018-10-30,1.931,2.22,2.905,3.119
2018-10-31,1.939,2.241,2.928,3.149
2018-11-01,1.943,2.252,2.905,3.134
2018-11-02,1.983,2.285,2.981,3.22
2018-11-03,1.98,2.28,2.98,3.2136666666666667
2018-11-04,1.98,2.28,2.979,3.2073333333333336
2018-11-05,1.989,2.287,2.978,3.201
2018-11-06,1.979,2.293,3.012,3.231
2018-11-07,1.967,2.265,3.04,3.237
2018-11-08,1.966,2.259,3.048,3.239
2018-11-09,1.962,2.237,2.996,3.186
2018-11-11,1.953,2.225,2.9779999999999998,3.1685
2018-11-12,1.944,2.21,2.96,3.151
2018-11-13,1.947,2.218,2.952,3.141
2018-11-14,1.919,2.193,2.922,3.127
2018-11-15,1.943,2.231,2.905,3.11
2018-11-16,1.947,2.22,2.848,3.065
2018-11-18,1.945,2.22,2.841,3.064
2018-11-19,1.942,2.202,2.834,3.063
2018-11-20,1.94,2.206,2.845,3.061
2018-11-21,1.946,2.207,2.853,3.065
2018-11-22,1.946,2.206,2.853,3.065
2018-11-23,1.914,2.169,2.842,3.046
2018-11-24,1.912,2.165,2.8473333333333333,3.050333333333333
2018-11-25,1.912,2.165,2.852666666666667,3.054666666666667
2018-11-26,1.914,2.166,2.858,3.059
2018-11-27,1.908,2.15,2.864,3.059
2018-11-28,1.925,2.156,2.844,3.061
2018-11-29,1.888,2.112,2.833,3.032
2018-11-30,1.899,2.105,2.811,2.993
2018-12-01,1.895,2.11,2.816333333333333,2.984
2018-12-02,1.895,2.11,2.8216666666666668,2.975
2018-12-03,1.925,2.129,2.827,2.966
2018-12-04,1.914,2.102,2.808,2.915
2018-12-05,1.903,2.058,2.813,2.917
2018-12-06,1.84,1.982,2.769,2.892
2018-12-07,1.811,1.982,2.724,2.858
2018-12-08,1.811,1.982,2.728666666666667,2.8596666666666666
2018-12-09,1.811,1.982,2.7333333333333334,2.8613333333333335
2018-12-10,1.803,1.978,2.738,2.863
2018-12-11,1.791,1.98,2.765,2.879
2018-12-12,1.803,2.01,2.778,2.911
2018-12-13,1.795,2.017,2.759,2.913
2018-12-14,1.781,2.002,2.726,2.895
2018-12-15,1.777,2.0,2.7123333333333335,2.8823333333333334
2018-12-16,1.777,2.0,2.6986666666666665,2.869666666666667
2018-12-17,1.795,2.004,2.685,2.857
2018-12-18,1.795,1.983,2.636,2.823
2018-12-19,1.786,1.938,2.628,2.762
2018-12-20,1.8,1.931,2.652,2.808
2018-12-21,1.838,1.97,2.619,2.788
2018-12-22,1.843,1.975,2.597,2.771
2018-12-23,1.843,1.975,2.575,2.754
2018-12-24,1.847,1.99,2.553,2.737
2018-12-25,1.847,1.99,2.559,2.751
2018-12-26,1.807,1.95,2.611,2.81
2018-12-27,1.81,1.943,2.562,2.774
2018-12-28,1.815,1.937,2.498,2.716
2018-12-30,1.823,1.956,2.4785000000000004,2.701
2018-12-31,1.823,1.956,2.459,2.686
2019-01-01,1.823,1.956,2.459,2.686
2019-01-02,1.803,1.947,2.442,2.633
2019-01-03,1.792,1.951,2.338,2.552
2019-01-04,1.803,1.98,2.48,2.668
2019-01-05,1.795,1.967,2.495,2.678
2019-01-06,1.795,1.967,2.51,2.688
2019-01-07,1.806,1.975,2.525,2.698
2019-01-08,1.81,1.993,2.569,2.73
2019-01-09,1.81,1.987,2.533,2.712
2019-01-10,1.799,1.968,2.552,2.746
2019-01-11,1.803,1.99,2.516,2.699
2019-01-12,1.802,1.995,2.5153333333333334,2.7013333333333334
2019-01-13,1.802,1.995,2.5146666666666664,2.7036666666666664
2019-01-14,1.799,1.975,2.514,2.706
2019-01-15,1.797,1.968,2.516,2.718
2019-01-16,1.805,1.982,2.527,2.727
2019-01-17,1.794,1.974,2.555,2.75
2019-01-18,1.812,2.004,2.601,2.788
2019-01-19,1.815,2.012,2.5966666666666667,2.783
2019-01-20,1.815,2.012,2.5923333333333334,2.778
2019-01-21,1.819,2.025,2.588,2.773
2019-01-22,1.806,1.999,2.568,2.741
2019-01-23,1.803,1.983,2.569,2.75
2019-01-24,1.81,1.993,2.538,2.716
2019-01-25,1.813,2.006,2.588,2.759
2019-01-26,1.81,2.002,2.5843333333333334,2.755333333333333
2019-01-27,1.81,2.002,2.5806666666666667,2.751666666666667
2019-01-28,1.821,2.021,2.577,2.748
2019-01-29,1.822,2.031,2.547,2.71
2019-01-30,1.826,2.056,2.483,2.678
2019-01-31,1.81,2.002,2.439,2.633
2019-02-01,1.804,1.983,2.491,2.684
2019-02-02,1.802,1.983,2.503,2.6976666666666667
2019-02-03,1.802,1.983,2.515,2.7113333333333336
2019-02-04,1.802,1.983,2.527,2.725
2019-02-05,1.802,1.983,2.508,2.704
2019-02-06,1.802,1.983,2.503,2.7
2019-02-07,1.802,1.995,2.459,2.657
2019-02-08,1.788,1.966,2.44,2.634
2019-02-09,1.783,1.962,2.449,2.6406666666666667
2019-02-10,1.783,1.962,2.458,2.647333333333333
2019-02-11,1.781,1.944,2.467,2.654
2019-02-12,1.797,1.977,2.489,2.686
2019-02-13,1.802,1.986,2.524,2.709
2019-02-14,1.795,1.995,2.476,2.655
2019-02-15,1.779,1.961,2.494,2.664
2019-02-16,1.78,1.965,2.495,2.6670000000000003
2019-02-17,1.78,1.965,2.496,2.67
2019-02-18,1.804,1.997,2.497,2.673
2019-02-19,1.8,1.996,2.459,2.636
2019-02-20,1.802,1.992,2.47,2.648
2019-02-21,1.811,2.009,2.508,2.695
2019-02-22,1.815,2.009,2.464,2.654
2019-02-23,1.81,2.002,2.4676666666666667,2.6586666666666665
2019-02-24,1.81,2.002,2.4713333333333334,2.6633333333333336
2019-02-25,1.819,2.011,2.475,2.668
2019-02-26,1.817,2.004,2.448,2.638
2019-02-27,1.808,1.985,2.47,2.686
2019-02-28,1.813,1.987,2.497,2.717
2019-03-01,1.812,1.985,2.539,2.759
2019-03-02,1.812,1.985,2.5323333333333333,2.747333333333333
2019-03-03,1.812,1.985,2.525666666666667,2.735666666666667
2019-03-04,1.834,2.027,2.519,2.724
2019-03-05,1.836,2.03,2.527,2.719
2019-03-06,1.828,2.021,2.497,2.693
2019-03-07,1.817,2.003,2.447,2.641
2019-03-08,1.802,1.973,2.439,2.63
2019-03-09,1.807,1.975,2.4443333333333332,2.6336666666666666
2019-03-10,1.807,1.975,2.449666666666667,2.6373333333333333
2019-03-11,1.81,1.985,2.455,2.641
2019-03-12,1.811,1.993,2.408,2.6
2019-03-13,1.795,1.966,2.429,2.625
2019-03-14,1.793,1.977,2.421,2.63
2019-03-15,1.804,1.988,2.394,2.591
2019-03-16,1.8,1.992,2.3986666666666667,2.595666666666667
2019-03-17,1.8,1.992,2.4033333333333333,2.6003333333333334
2019-03-18,1.812,1.994,2.408,2.605
2019-03-19,1.81,1.979,2.427,2.618
2019-03-20,1.812,1.978,2.334,2.524
2019-03-21,1.793,1.932,2.345,2.539
2019-03-22,1.8,1.934,2.244,2.437
2019-03-23,1.797,1.932,2.221,2.426333333333333
2019-03-24,1.797,1.932,2.198,2.4156666666666666
2019-03-25,1.768,1.886,2.175,2.405
2019-03-26,1.764,1.905,2.197,2.425
2019-03-27,1.726,1.845,2.148,2.381
2019-03-28,1.679,1.81,2.18,2.391
2019-03-29,1.69,1.833,2.21,2.407
2019-03-30,1.69,1.83,2.239333333333333,2.439
2019-03-31,1.69,1.83,2.268666666666667,2.471
2019-04-01,1.726,1.864,2.298,2.503
2019-04-02,1.707,1.857,2.256,2.472
2019-04-03,1.72,1.889,2.3,2.528
2019-04-04,1.72,1.877,2.295,2.513
2019-04-05,1.735,1.892,2.294,2.499
2019-04-06,1.735,1.895,2.300666666666667,2.5060000000000002
2019-04-07,1.735,1.895,2.3073333333333332,2.513
2019-04-08,1.723,1.867,2.314,2.52
2019-04-09,1.725,1.874,2.297,2.502
2019-04-10,1.731,1.871,2.269,2.465
2019-04-11,1.731,1.866,2.307,2.499
2019-04-12,1.733,1.881,2.361,2.562
2019-04-13,1.73,1.885,2.3603333333333336,2.56
2019-04-14,1.73,1.885,2.3596666666666666,2.558
2019-04-15,1.761,1.927,2.359,2.556
2019-04-16,1.765,1.932,2.386,2.592
2019-04-17,1.779,1.948,2.378,2.594
2019-04-18,1.74,1.892,2.345,2.56
2019-04-19,1.755,1.899,2.34775,2.56675
2019-04-20,1.76,1.91,2.3505000000000003,2.5735
2019-04-21,1.76,1.91,2.35325,2.5802500000000004
2019-04-22,1.769,1.929,2.356,2.587
2019-04-23,1.769,1.923,2.335,2.569
2019-04-24,1.749,1.912,2.285,2.518
2019-04-25,1.724,1.879,2.305,2.534
2019-04-26,1.72,1.876,2.253,2.5
2019-04-27,1.72,1.875,2.2583333333333333,2.509
2019-04-28,1.72,1.875,2.263666666666667,2.5180000000000002
2019-04-29,1.712,1.863,2.269,2.527
2019-04-30,1.7,1.845,2.242,2.504
2019-05-01,1.695,1.845,2.283,2.502
2019-05-02,1.731,1.885,2.319,2.545
2019-05-03,1.739,1.9,2.305,2.53
2019-05-04,1.735,1.902,2.295,2.52
2019-05-05,1.735,1.902,2.285,2.51
2019-05-06,1.735,1.902,2.275,2.5
2019-05-07,1.723,1.885,2.241,2.448
2019-05-08,1.715,1.876,2.263,2.485
2019-05-09,1.709,1.862,2.222,2.453
2019-05-10,1.719,1.872,2.236,2.473
2019-05-11,1.72,1.875,2.208,2.4496666666666664
2019-05-12,1.72,1.875,2.18,2.4263333333333335
2019-05-13,1.721,1.874,2.152,2.403
2019-05-14,1.711,1.869,2.16,2.414
2019-05-15,1.71,1.865,2.12,2.377
2019-05-16,1.675,1.82,2.141,2.394
2019-05-17,1.67,1.82,2.147,2.393
2019-05-18,1.668,1.825,2.157,2.4016666666666664
2019-05-19,1.668,1.825,2.167,2.4103333333333334
2019-05-20,1.682,1.847,2.177,2.419
2019-05-21,1.662,1.829,2.204,2.428
2019-05-22,1.668,1.83,2.163,2.38
2019-05-23,1.648,1.809,2.092,2.322
2019-05-24,1.643,1.791,2.109,2.324
2019-05-25,1.642,1.795,2.109,2.3193333333333332
2019-05-26,1.642,1.795,2.109,2.3146666666666667
2019-05-27,1.653,1.798,2.109,2.31
2019-05-28,1.657,1.796,2.059,2.267
2019-05-29,1.62,1.742,2.059,2.262
2019-05-30,1.626,1.741,2.01,2.217
2019-05-31,1.587,1.682,1.879,2.133
2019-06-01,1.57,1.669,1.8516666666666666,2.1136666666666666
2019-06-02,1.57,1.669,1.8243333333333334,2.0943333333333336
2019-06-03,1.575,1.691,1.797,2.075
2019-06-04,1.57,1.684,1.84,2.121
2019-06-05,1.542,1.654,1.818,2.131
2019-06-06,1.54,1.65,1.842,2.121
2019-06-07,1.537,1.635,1.819,2.084
2019-06-08,1.515,1.635,1.8393333333333333,2.106
2019-06-09,1.515,1.635,1.8596666666666666,2.128
2019-06-10,1.53,1.657,1.88,2.15
2019-06-11,1.542,1.68,1.882,2.145
2019-06-12,1.466,1.598,1.823,2.122
2019-06-13,1.48,1.612,1.777,2.093
2019-06-14,1.472,1.592,1.79,2.084
2019-06-15,1.467,1.587,1.7973333333333334,2.0863333333333336
2019-06-16,1.467,1.587,1.8046666666666666,2.0886666666666667
2019-06-17,1.49,1.621,1.812,2.091
2019-06-18,1.493,1.614,1.796,2.058
2019-06-19,1.486,1.602,1.696,2.029
2019-06-20,1.42,1.543,1.728,2.023
2019-06-21,1.44,1.57,1.731,2.059
2019-06-22,1.444,1.57,1.7166666666666668,2.0453333333333332
2019-06-23,1.444,1.57,1.7023333333333333,2.0316666666666667
2019-06-24,1.44,1.563,1.688,2.018
2019-06-25,1.477,1.584,1.679,1.988
2019-06-26,1.498,1.608,1.747,2.05
2019-06-27,1.492,1.615,1.712,2.014
2019-06-28,1.472,1.597,1.712,2.007
2019-06-29,1.465,1.595,1.7226666666666666,2.0156666666666667
2019-06-30,1.465,1.595,1.7333333333333334,2.0243333333333333
2019-07-01,1.477,1.604,1.744,2.033
2019-07-02,1.464,1.588,1.709,1.976
2019-07-03,1.429,1.534,1.709,1.953
2019-07-04,1.418,1.523,1.704,1.948
2019-07-05,1.423,1.532,1.821,2.039
2019-07-06,1.421,1.537,1.8266666666666667,2.0420000000000003
2019-07-07,1.421,1.537,1.8323333333333334,2.045
2019-07-08,1.424,1.535,1.838,2.048
2019-07-09,1.423,1.537,1.868,2.072
2019-07-10,1.437,1.561,1.798,2.061
2019-07-11,1.419,1.547,1.858,2.143
2019-07-12,1.425,1.571,1.825,2.124
2019-07-13,1.42,1.565,1.8196666666666665,2.1126666666666667
2019-07-14,1.42,1.565,1.8143333333333334,2.1013333333333333
2019-07-15,1.433,1.581,1.809,2.09
2019-07-16,1.431,1.574,1.836,2.106
2019-07-17,1.399,1.548,1.782,2.043
2019-07-18,1.342,1.47,1.731,2.026
2019-07-19,1.325,1.454,1.791,2.057
2019-07-20,1.328,1.465,1.7873333333333332,2.0546666666666664
2019-07-21,1.328,1.465,1.7836666666666667,2.0523333333333333
2019-07-22,1.334,1.465,1.78,2.05
2019-07-23,1.34,1.47,1.801,2.078
2019-07-24,1.322,1.466,1.791,2.05
2019-07-25,1.306,1.433,1.837,2.083
2019-07-26,1.308,1.424,1.823,2.074
2019-07-27,1.302,1.42,1.8213333333333332,2.070333333333333
2019-07-28,1.302,1.42,1.8196666666666668,2.066666666666667
2019-07-29,1.305,1.408,1.818,2.063
2019-07-30,1.298,1.406,1.813,2.06
2019-07-31,1.294,1.391,1.824,2.007
2019-08-01,1.309,1.405,1.695,1.902
2019-08-02,1.261,1.352,1.671,1.843
2019-08-03,1.246,1.34,1.6263333333333334,1.8013333333333332
2019-08-04,1.246,1.34,1.5816666666666666,1.7596666666666667
2019-08-05,1.172,1.252,1.537,1.718
2019-08-06,1.163,1.256,1.54,1.716
2019-08-07,1.153,1.251,1.54,1.721
2019-08-08,1.165,1.269,1.548,1.719
2019-08-09,1.189,1.289,1.591,1.745
2019-08-10,1.175,1.28,1.5623333333333334,1.71
2019-08-11,1.175,1.28,1.5336666666666665,1.675
2019-08-12,1.183,1.286,1.505,1.64
2019-08-13,1.152,1.23,1.612,1.702
2019-08-14,1.149,1.233,1.527,1.583
2019-08-15,1.142,1.225,1.423,1.502
2019-08-16,1.095,1.172,1.438,1.562
2019-08-17,1.092,1.17,1.4576666666666667,1.5773333333333335
2019-08-18,1.092,1.17,1.4773333333333334,1.5926666666666667
2019-08-19,1.093,1.184,1.497,1.608
2019-08-20,1.101,1.198,1.444,1.552
2019-08-21,1.154,1.277,1.5,1.591
2019-08-22,1.13,1.229,1.532,1.613
2019-08-23,1.172,1.263,1.451,1.533
2019-08-24,1.155,1.252,1.4536666666666667,1.5346666666666666
2019-08-25,1.155,1.252,1.4563333333333335,1.5363333333333333
2019-08-26,1.12,1.19,1.459,1.538
2019-08-27,1.17,1.235,1.435,1.474
2019-08-28,1.181,1.246,1.416,1.468
2019-08-29,1.167,1.248,1.446,1.496
2019-08-30,1.165,1.273,1.432,1.499
2019-08-31,1.195,1.295,1.4303333333333332,1.5013333333333334
2019-09-01,1.195,1.295,1.4286666666666668,1.5036666666666667
2019-09-02,1.234,1.348,1.427,1.506
2019-09-03,1.228,1.333,1.372,1.462
2019-09-04,1.251,1.352,1.359,1.471
2019-09-05,1.264,1.372,1.467,1.565
2019-09-06,1.262,1.382,1.475,1.56
2019-09-07,1.27,1.38,1.4953333333333334,1.589
2019-09-08,1.27,1.38,1.5156666666666667,1.618
2019-09-09,1.234,1.352,1.536,1.647
2019-09-10,1.247,1.376,1.637,1.744
2019-09-11,1.258,1.396,1.618,1.745
2019-09-12,1.265,1.402,1.664,1.778
2019-09-13,1.265,1.402,1.766,1.901
2019-09-14,1.265,1.402,1.749,1.8816666666666666
2019-09-15,1.265,1.402,1.732,1.8623333333333334
2019-09-16,1.349,1.536,1.715,1.843
2019-09-17,1.315,1.501,1.686,1.81
2019-09-18,1.31,1.469,1.707,1.8
2019-09-19,1.329,1.462,1.691,1.787
2019-09-20,1.333,1.455,1.621,1.722
2019-09-21,1.325,1.457,1.6193333333333333,1.7223333333333333
2019-09-22,1.325,1.457,1.6176666666666668,1.7226666666666668
2019-09-23,1.33,1.462,1.616,1.723
2019-09-24,1.326,1.458,1.548,1.652
2019-09-25,1.305,1.424,1.616,1.737
2019-09-26,1.301,1.432,1.597,1.697
2019-09-27,1.301,1.439,1.576,1.687
2019-09-28,1.302,1.447,1.5713333333333335,1.6806666666666668
2019-09-29,1.302,1.447,1.5666666666666667,1.6743333333333332
2019-09-30,1.297,1.456,1.562,1.668
2019-10-01,1.323,1.499,1.495,1.635
2019-10-02,1.304,1.497,1.435,1.601
2019-10-03,1.297,1.497,1.351,1.534
2019-10-04,1.21,1.373,1.361,1.529
2019-10-05,1.207,1.372,1.381,1.541
2019-10-06,1.207,1.372,1.401,1.553
2019-10-07,1.231,1.38,1.421,1.565
2019-10-08,1.267,1.433,1.372,1.532
2019-10-09,1.26,1.422,1.431,1.587
2019-10-10,1.276,1.457,1.506,1.67
2019-10-11,1.284,1.493,1.568,1.734
2019-10-12,1.275,1.485,1.567,1.7276666666666667
2019-10-13,1.275,1.485,1.566,1.7213333333333334
2019-10-14,1.281,1.489,1.565,1.715
2019-10-15,1.277,1.493,1.603,1.771
2019-10-16,1.319,1.53,1.568,1.745
2019-10-17,1.372,1.576,1.574,1.75
2019-10-18,1.374,1.586,1.555,1.754
2019-10-19,1.375,1.592,1.5713333333333332,1.7703333333333333
2019-10-20,1.375,1.592,1.5876666666666668,1.7866666666666666
2019-10-21,1.407,1.659,1.604,1.803
2019-10-22,1.383,1.659,1.583,1.768
2019-10-23,1.388,1.656,1.588,1.768
2019-10-24,1.396,1.638,1.583,1.771
2019-10-25,1.433,1.671,1.622,1.799
2019-10-27,1.445,1.685,1.637,1.822
2019-10-28,1.523,1.764,1.652,1.845
2019-10-29,1.501,1.783,1.649,1.837
2019-10-30,1.489,1.759,1.598,1.775
2019-10-31,1.467,1.728,1.516,1.688
2019-11-01,1.466,1.731,1.546,1.714
2019-11-02,1.477,1.74,1.5616666666666668,1.7363333333333333
2019-11-03,1.477,1.74,1.5773333333333333,1.7586666666666666
2019-11-04,1.548,1.824,1.593,1.781
2019-11-05,1.524,1.817,1.635,1.857
2019-11-06,1.534,1.825,1.614,1.83
2019-11-07,1.537,1.814,1.7,1.929
2019-11-08,1.519,1.805,1.711,1.945
2019-11-09,1.515,1.8,1.7073333333333334,1.9376666666666666
2019-11-10,1.515,1.8,1.7036666666666667,1.9303333333333335
2019-11-11,1.496,1.785,1.7,1.923
2019-11-12,1.568,1.842,1.689,1.928
2019-11-13,1.51,1.792,1.663,1.891
2019-11-14,1.517,1.788,1.593,1.822
2019-11-15,1.512,1.787,1.617,1.836
2019-11-16,1.515,1.795,1.6126666666666667,1.829
2019-11-17,1.515,1.795,1.6083333333333334,1.822
2019-11-18,1.518,1.782,1.604,1.815
2019-11-19,1.488,1.737,1.598,1.786
2019-11-20,1.451,1.673,1.571,1.747
2019-11-21,1.459,1.667,1.595,1.776
2019-11-22,1.456,1.684,1.611,1.771
2019-11-23,1.455,1.698,1.6056666666666666,1.7646666666666666
2019-11-24,1.455,1.698,1.6003333333333334,1.7583333333333333
2019-11-25,1.475,1.726,1.595,1.752
2019-11-26,1.477,1.71,1.579,1.741
2019-11-27,1.457,1.672,1.617,1.767
2019-11-28,1.432,1.669,1.622,1.778
2019-11-29,1.384,1.627,1.609,1.774
2019-11-30,1.387,1.635,1.6116666666666666,1.79
2019-12-01,1.387,1.635,1.6143333333333334,1.806
2019-12-02,1.422,1.682,1.617,1.822
2019-12-03,1.462,1.737,1.541,1.717
2019-12-04,1.407,1.66,1.584,1.778
2019-12-05,1.423,1.662,1.609,1.809
2019-12-06,1.43,1.678,1.644,1.843
2019-12-07,1.43,1.685,1.6393333333333333,1.8356666666666666
2019-12-08,1.43,1.685,1.6346666666666665,1.8283333333333334
2019-12-09,1.414,1.669,1.63,1.821
2019-12-10,1.387,1.611,1.665,1.842
2019-12-11,1.382,1.621,1.625,1.793
2019-12-12,1.383,1.621,1.689,1.896
2019-12-13,1.401,1.648,1.625,1.824
2019-12-14,1.4,1.652,1.635,1.8403333333333334
2019-12-15,1.4,1.652,1.645,1.8566666666666667
2019-12-16,1.368,1.615,1.655,1.873
2019-12-17,1.364,1.606,1.652,1.875
2019-12-18,1.355,1.607,1.671,1.922
2019-12-19,1.383,1.656,1.663,1.922
2019-12-20,1.394,1.676,1.663,1.919
2019-12-21,1.385,1.665,1.6673333333333333,1.922
2019-12-22,1.385,1.665,1.6716666666666666,1.925
2019-12-23,1.38,1.642,1.676,1.928
2019-12-24,1.37,1.631,1.644,1.903
2019-12-25,1.369,1.632,1.649,1.907
2019-12-26,1.368,1.644,1.644,1.894
2019-12-27,1.37,1.685,1.6,1.877
2019-12-28,1.366,1.682,1.5983333333333334,1.88
2019-12-29,1.366,1.682,1.5966666666666667,1.883
2019-12-30,1.36,1.687,1.595,1.886
2019-12-31,1.355,1.672,1.609,1.919
2020-01-01,1.355,1.672,1.609,1.921
2020-01-02,1.327,1.638,1.595,1.877
2020-01-03,1.269,1.552,1.546,1.793
2020-01-04,1.271,1.56,1.5503333333333333,1.7983333333333333
2020-01-05,1.271,1.56,1.5546666666666666,1.8036666666666665
2020-01-06,1.276,1.537,1.559,1.809
2020-01-07,1.329,1.616,1.551,1.811
2020-01-08,1.362,1.628,1.607,1.874
2020-01-09,1.418,1.688,1.596,1.855
2020-01-10,1.424,1.706,1.586,1.82
2020-01-11,1.418,1.709,1.5913333333333335,1.8293333333333335
2020-01-12,1.418,1.709,1.5966666666666667,1.8386666666666667
2020-01-13,1.42,1.732,1.602,1.848
2020-01-14,1.384,1.716,1.58,1.813
2020-01-15,1.391,1.691,1.564,1.786
2020-01-16,1.426,1.7,1.578,1.809
2020-01-17,1.437,1.745,1.575,1.825
2020-01-18,1.422,1.74,1.5733333333333333,1.8243333333333334
2020-01-19,1.422,1.74,1.5716666666666668,1.8236666666666665
2020-01-20,1.458,1.767,1.57,1.823
2020-01-21,1.392,1.688,1.532,1.774
2020-01-22,1.44,1.723,1.53,1.769
2020-01-23,1.422,1.705,1.505,1.731
2020-01-24,1.424,1.7,1.481,1.686
2020-01-25,1.424,1.7,1.4603333333333335,1.6616666666666666
2020-01-26,1.424,1.7,1.4396666666666667,1.6373333333333333
2020-01-27,1.424,1.7,1.419,1.613
2020-01-28,1.353,1.603,1.459,1.661
2020-01-29,1.333,1.586,1.392,1.581
2020-01-30,1.3,1.55,1.394,1.591
2020-01-31,1.299,1.555,1.297,1.505
2020-02-01,1.312,1.562,1.3093333333333332,1.512
2020-02-02,1.312,1.562,1.3216666666666668,1.519
2020-02-03,1.291,1.546,1.334,1.526
2020-02-04,1.329,1.626,1.402,1.603
2020-02-05,1.306,1.601,1.437,1.649
2020-02-06,1.315,1.634,1.44,1.644
2020-02-07,1.28,1.602,1.388,1.582
2020-02-08,1.277,1.602,1.3816666666666666,1.5756666666666668
2020-02-09,1.277,1.602,1.3753333333333333,1.5693333333333332
2020-02-10,1.296,1.605,1.369,1.563
2020-02-11,1.301,1.603,1.404,1.602
2020-02-12,1.299,1.612,1.423,1.637
2020-02-13,1.276,1.612,1.421,1.619
2020-02-14,1.329,1.652,1.399,1.588
2020-02-16,1.33,1.657,1.3965,1.5830000000000002
2020-02-17,1.323,1.627,1.394,1.578
2020-02-18,1.272,1.561,1.38,1.559
2020-02-19,1.284,1.559,1.394,1.568
2020-02-20,1.229,1.506,1.359,1.519
2020-02-21,1.181,1.442,1.319,1.473
2020-02-23,1.187,1.447,1.2610000000000001,1.4215
2020-02-24,1.137,1.415,1.203,1.37
2020-02-25,1.166,1.423,1.182,1.355
2020-02-26,1.134,1.393,1.149,1.335
2020-02-27,1.194,1.443,1.061,1.274
2020-02-28,1.104,1.334,0.916,1.163
2020-02-29,1.1,1.327,0.9086666666666667,1.1593333333333333
2020-03-01,1.1,1.327,0.9013333333333333,1.1556666666666666
2020-03-02,1.129,1.371,0.894,1.152
2020-03-03,1.106,1.369,0.708,0.999
2020-03-04,1.028,1.3,0.715,1.055
2020-03-05,1.051,1.332,0.627,0.917
2020-03-06,1.08,1.37,0.558,0.773
2020-03-07,1.072,1.37,0.5216666666666667,0.7016666666666667
2020-03-08,1.072,1.37,0.48533333333333334,0.6303333333333334
2020-03-09,1.054,1.298,0.449,0.559
2020-03-10,1.078,1.353,0.631,0.8
2020-03-11,1.093,1.372,0.634,0.877
2020-03-12,1.064,1.386,0.553,0.812
2020-03-13,1.149,1.568,0.624,0.983
2020-03-14,1.152,1.619,0.5616666666666666,0.902
2020-03-15,1.152,1.619,0.49933333333333335,0.821
2020-03-16,1.113,1.524,0.437,0.74
2020-03-17,1.032,1.442,0.616,1.069
2020-03-18,1.045,1.498,0.667,1.183
2020-03-19,1.195,1.655,0.566,1.158
2020-03-20,1.105,1.613,0.387,0.885
2020-03-21,1.125,1.63,0.372,0.8443333333333334
2020-03-22,1.125,1.63,0.35700000000000004,0.8036666666666666
2020-03-23,1.149,1.709,0.342,0.763
2020-03-24,1.124,1.701,0.426,0.858
2020-03-25,1.146,1.662,0.397,0.869
2020-03-26,1.065,1.499,0.373,0.848
2020-03-27,1.06,1.532,0.298,0.676
2020-03-28,1.067,1.537,0.298,0.6926666666666667
2020-03-29,1.067,1.537,0.298,0.7093333333333334
2020-03-30,1.097,1.56,0.298,0.726
2020-03-31,1.07,1.55,0.295,0.668
2020-04-01,1.094,1.541,0.29,0.602
2020-04-02,1.059,1.517,0.287,0.611
2020-04-03,1.066,1.547,0.297,0.599
2020-04-04,1.065,1.55,0.31133333333333335,0.6253333333333333
2020-04-05,1.065,1.55,0.32566666666666666,0.6516666666666667
2020-04-06,1.05,1.542,0.34,0.678
2020-04-07,1.049,1.58,0.357,0.726
2020-04-08,1.028,1.51,0.344,0.771
2020-04-09,0.981,1.435,0.302,0.729
2020-04-10,0.969,1.441,0.308,0.73925
2020-04-11,0.97,1.455,0.314,0.7495
2020-04-12,0.97,1.455,0.32,0.75975
2020-04-13,0.995,1.468,0.326,0.77
2020-04-14,0.995,1.466,0.287,0.75
2020-04-15,1.0,1.462,0.242,0.635
2020-04-16,0.979,1.408,0.255,0.617
2020-04-17,1.003,1.435,0.25,0.642
2020-04-18,1.01,1.449,0.25166666666666665,0.6333333333333333
2020-04-19,1.01,1.449,0.25333333333333335,0.6246666666666667
2020-04-20,1.012,1.447,0.255,0.616
2020-04-21,1.036,1.459,0.24,0.566
2020-04-22,1.047,1.526,0.263,0.618
2020-04-23,1.038,1.545,0.269,0.603
2020-04-24,1.022,1.551,0.271,0.605
2020-04-25,1.007,1.535,0.2773333333333333,0.6246666666666667
2020-04-26,1.007,1.535,0.2836666666666667,0.6443333333333333
2020-04-27,1.025,1.574,0.29,0.664
2020-04-28,1.034,1.563,0.269,0.616
2020-04-29,1.005,1.516,0.255,0.628
2020-04-30,1.01,1.517,0.253,0.646
2020-05-01,1.01,1.517,0.25,0.618
2020-05-02,1.01,1.517,0.24733333333333332,0.6223333333333333
2020-05-03,1.01,1.517,0.24466666666666667,0.6266666666666667
2020-05-04,0.977,1.499,0.242,0.631
2020-05-05,0.972,1.496,0.253,0.662
2020-05-06,0.959,1.506,0.245,0.709
2020-05-07,0.951,1.486,0.194,0.639
2020-05-08,0.916,1.426,0.215,0.685
2020-05-09,0.91,1.425,0.21766666666666667,0.6923333333333334
2020-05-10,0.91,1.425,0.22033333333333333,0.6996666666666667
2020-05-11,0.923,1.461,0.223,0.707
2020-05-12,0.887,1.422,0.209,0.667
2020-05-13,0.855,1.392,0.206,0.654
2020-05-14,0.871,1.382,0.19,0.617
2020-05-15,0.876,1.384,0.191,0.644
2020-05-16,0.87,1.377,0.20500000000000002,0.6713333333333333
2020-05-17,0.87,1.377,0.219,0.6986666666666667
2020-05-18,0.887,1.392,0.233,0.726
2020-05-19,0.876,1.391,0.212,0.692
2020-05-20,0.867,1.356,0.217,0.69
2020-05-21,0.856,1.342,0.214,0.68
2020-05-22,0.841,1.35,0.207,0.657
2020-05-23,0.832,1.34,0.20766666666666667,0.6576666666666667
2020-05-24,0.832,1.34,0.20833333333333331,0.6583333333333333
2020-05-25,0.815,1.316,0.209,0.659
2020-05-26,0.837,1.325,0.215,0.695
2020-05-27,0.868,1.345,0.226,0.695
2020-05-28,0.817,1.34,0.218,0.697
2020-05-29,0.828,1.376,0.197,0.653
2020-05-30,0.809,1.365,0.19766666666666668,0.6576666666666667
2020-05-31,0.809,1.365,0.19833333333333333,0.6623333333333333
2020-06-01,0.827,1.39,0.199,0.667
2020-06-02,0.86,1.387,0.207,0.687
2020-06-03,0.865,1.426,0.24,0.746
2020-06-04,0.886,1.432,0.256,0.825
2020-06-05,0.893,1.449,0.285,0.893
2020-06-06,0.897,1.46,0.286,0.888
2020-06-07,0.897,1.46,0.287,0.883
2020-06-08,0.904,1.457,0.288,0.878
2020-06-09,0.84,1.375,0.26,0.824
2020-06-10,0.84,1.397,0.206,0.736
2020-06-11,0.837,1.381,0.229,0.666
2020-06-12,0.841,1.388,0.227,0.71
2020-06-13,0.841,1.38,0.22766666666666668,0.7133333333333333
2020-06-14,0.841,1.38,0.22833333333333333,0.7166666666666667
2020-06-15,0.86,1.424,0.229,0.72
2020-06-16,0.86,1.4,0.229,0.741
2020-06-17,0.874,1.41,0.226,0.733
2020-06-18,0.842,1.37,0.226,0.707
2020-06-19,0.843,1.378,0.218,0.694
2020-06-20,0.847,1.39,0.22066666666666668,0.6993333333333333
2020-06-21,0.847,1.39,0.22333333333333333,0.7046666666666667
2020-06-22,0.847,1.391,0.226,0.71
2020-06-23,0.828,1.386,0.216,0.715
2020-06-24,0.818,1.363,0.21,0.679
2020-06-25,0.817,1.345,0.208,0.682
2020-06-26,0.811,1.327,0.186,0.64
2020-06-27,0.812,1.325,0.18066666666666667,0.6356666666666667
2020-06-28,0.812,1.325,0.17533333333333334,0.6313333333333333
2020-06-29,0.843,1.365,0.17,0.627
2020-06-30,0.84,1.369,0.176,0.658
2020-07-01,0.849,1.406,0.189,0.676
2020-07-02,0.836,1.378,0.181,0.669
2020-07-03,0.839,1.388,0.18225,0.67125
2020-07-04,0.835,1.382,0.1835,0.6735
2020-07-05,0.835,1.382,0.18475,0.6757500000000001
2020-07-06,0.853,1.409,0.186,0.678
2020-07-07,0.843,1.387,0.181,0.64
2020-07-08,0.839,1.378,0.19,0.666
2020-07-09,0.84,1.391,0.18,0.613
2020-07-10,0.851,1.397,0.19,0.643
2020-07-12,0.846,1.397,0.1865,0.6305000000000001
2020-07-13,0.861,1.42,0.183,0.618
2020-07-14,0.856,1.419,0.188,0.625
2020-07-15,0.847,1.416,0.18,0.633
2020-07-16,0.832,1.382,0.175,0.618
2020-07-17,0.812,1.348,0.172,0.623
2020-07-18,0.812,1.35,0.17366666666666666,0.6196666666666667
2020-07-19,0.812,1.35,0.1753333333333333,0.6163333333333333
2020-07-20,0.802,1.334,0.177,0.613
2020-07-21,0.818,1.356,0.167,0.605
2020-07-22,0.81,1.347,0.175,0.6
2020-07-23,0.797,1.317,0.175,0.577
2020-07-24,0.799,1.305,0.17,0.587
2020-07-25,0.8,1.302,0.17366666666666666,0.5963333333333333
2020-07-26,0.8,1.302,0.17733333333333334,0.6056666666666667
2020-07-27,0.804,1.306,0.181,0.615
2020-07-28,0.813,1.329,0.165,0.579
2020-07-29,0.811,1.31,0.152,0.577
2020-07-30,0.799,1.283,0.133,0.545
2020-07-31,0.796,1.297,0.117,0.533
2020-08-01,0.792,1.295,0.11866666666666667,0.54
2020-08-02,0.792,1.295,0.12033333333333333,0.547
2020-08-03,0.8,1.307,0.122,0.554
2020-08-04,0.804,1.306,0.114,0.512
2020-08-05,0.795,1.292,0.128,0.549
2020-08-06,0.808,1.306,0.13,0.538
2020-08-07,0.81,1.319,0.141,0.566
2020-08-08,0.81,1.327,0.14266666666666666,0.571
2020-08-09,0.81,1.327,0.1443333333333333,0.576
2020-08-10,0.831,1.364,0.146,0.581
2020-08-11,0.819,1.345,0.173,0.643
2020-08-12,0.827,1.37,0.19,0.673
2020-08-13,0.815,1.363,0.201,0.717
2020-08-14,0.828,1.394,0.183,0.709
2020-08-15,0.827,1.4,0.183,0.7033333333333333
2020-08-16,0.827,1.4,0.183,0.6976666666666667
2020-08-17,0.827,1.4,0.183,0.692
2020-08-18,0.81,1.357,0.17,0.67
2020-08-19,0.804,1.346,0.172,0.685
2020-08-20,0.812,1.379,0.167,0.652
2020-08-21,0.854,1.41,0.164,0.636
2020-08-22,0.855,1.41,0.16866666666666666,0.642
2020-08-23,0.855,1.41,0.17333333333333334,0.648
2020-08-24,0.824,1.377,0.178,0.654
2020-08-25,0.825,1.387,0.183,0.688
2020-08-26,0.835,1.405,0.178,0.688
2020-08-27,0.852,1.421,0.191,0.754
2020-08-28,0.895,1.486,0.152,0.724
2020-08-29,0.892,1.485,0.151,0.718
2020-08-30,0.892,1.485,0.15,0.712
2020-08-31,0.94,1.513,0.149,0.706
2020-09-01,0.979,1.585,0.146,0.672
2020-09-02,0.925,1.539,0.149,0.648
2020-09-03,0.919,1.522,0.146,0.636
2020-09-04,0.929,1.524,0.178,0.721
2020-09-05,0.94,1.54,0.17633333333333331,0.7206666666666667
2020-09-06,0.94,1.54,0.17466666666666666,0.7203333333333333
2020-09-07,0.972,1.571,0.173,0.72
2020-09-08,0.95,1.556,0.168,0.682
2020-09-09,0.917,1.518,0.172,0.698
2020-09-10,0.916,1.516,0.162,0.682
2020-09-11,0.924,1.529,0.151,0.669
2020-09-13,0.93,1.532,0.1565,0.6725000000000001
2020-09-14,0.921,1.518,0.162,0.676
2020-09-15,0.907,1.504,0.164,0.68
2020-09-16,0.91,1.485,0.167,0.698
2020-09-17,0.917,1.511,0.159,0.689
2020-09-18,0.908,1.502,0.167,0.697
2020-09-19,0.905,1.505,0.16433333333333333,0.6876666666666666
2020-09-20,0.905,1.505,0.16166666666666668,0.6783333333333333
2020-09-21,0.904,1.493,0.159,0.669
2020-09-22,0.897,1.474,0.154,0.671
2020-09-23,0.883,1.446,0.162,0.677
2020-09-24,0.858,1.442,0.159,0.668
2020-09-25,0.855,1.423,0.151,0.656
2020-09-26,0.85,1.427,0.15033333333333332,0.6566666666666667
2020-09-27,0.85,1.427,0.14966666666666667,0.6573333333333333
2020-09-28,0.843,1.426,0.149,0.658
2020-09-29,0.846,1.43,0.149,0.651
2020-09-30,0.842,1.427,0.16,0.686
2020-10-01,0.842,1.427,0.16,0.679
2020-10-02,0.842,1.427,0.168,0.704
2020-10-03,0.842,1.427,0.17500000000000002,0.7286666666666667
2020-10-04,0.842,1.427,0.182,0.7533333333333333
2020-10-05,0.883,1.479,0.189,0.778
2020-10-06,0.905,1.531,0.181,0.734
2020-10-07,0.913,1.533,0.198,0.784
2020-10-08,0.907,1.544,0.196,0.779
2020-10-09,0.902,1.541,0.201,0.779
2020-10-10,0.902,1.541,0.19933333333333333,0.774
2020-10-11,0.902,1.541,0.19766666666666668,0.769
2020-10-12,0.925,1.553,0.196,0.764
2020-10-13,0.925,1.529,0.177,0.729
2020-10-14,0.901,1.513,0.177,0.727
2020-10-15,0.881,1.482,0.18,0.739
2020-10-16,0.883,1.489,0.185,0.749
2020-10-17,0.89,1.5,0.187,0.7566666666666667
2020-10-18,0.89,1.5,0.189,0.7643333333333333
2020-10-19,0.892,1.441,0.191,0.772
2020-10-20,0.912,1.461,0.191,0.786
2020-10-21,0.936,1.524,0.196,0.821
2020-10-22,0.928,1.508,0.207,0.861
2020-10-23,0.909,1.494,0.204,0.841
2020-10-24,0.91,1.495,0.20066666666666666,0.8283333333333334
2020-10-25,0.91,1.495,0.19733333333333333,0.8156666666666667
2020-10-26,0.908,1.483,0.194,0.803
2020-10-27,0.917,1.502,0.186,0.771
2020-10-28,0.916,1.498,0.183,0.774
2020-10-29,0.929,1.529,0.194,0.831
2020-10-30,0.936,1.542,0.199,0.874
2020-10-31,0.935,1.552,0.199,0.8666666666666667
2020-11-01,0.935,1.552,0.199,0.8593333333333333
2020-11-02,0.972,1.604,0.199,0.852
2020-11-03,0.982,1.606,0.213,0.896
2020-11-04,0.956,1.572,0.186,0.771
2020-11-05,0.928,1.527,0.189,0.766
2020-11-06,0.943,1.558,0.203,0.82
2020-11-07,0.947,1.565,0.21366666666666667,0.8546666666666667
2020-11-08,0.947,1.565,0.22433333333333333,0.8893333333333333
2020-11-09,0.961,1.568,0.235,0.924
2020-11-10,0.973,1.621,0.253,0.96
2020-11-11,0.989,1.658,0.258,0.977
2020-11-12,0.97,1.651,0.232,0.883
2020-11-13,0.968,1.627,0.237,0.898
2020-11-14,0.96,1.627,0.236,0.9023333333333333
2020-11-15,0.96,1.627,0.23500000000000001,0.9066666666666667
2020-11-16,0.971,1.624,0.234,0.911
2020-11-17,0.96,1.619,0.224,0.862
2020-11-18,0.951,1.602,0.229,0.87
2020-11-19,0.954,1.602,0.221,0.842
2020-11-20,0.963,1.605,0.208,0.824
2020-11-21,0.967,1.612,0.21133333333333332,0.8356666666666667
2020-11-22,0.967,1.612,0.21466666666666667,0.8473333333333333
2020-11-23,0.954,1.581,0.218,0.859
2020-11-24,0.965,1.6,0.218,0.885
2020-11-25,0.97,1.627,0.208,0.882
2020-11-26,0.981,1.657,0.205,0.859
2020-11-27,0.98,1.642,0.197,0.842
2020-11-28,0.977,1.64,0.19433333333333333,0.842
2020-11-29,0.977,1.64,0.19166666666666668,0.842
2020-11-30,0.984,1.657,0.189,0.842
2020-12-01,0.983,1.651,0.221,0.929
2020-12-02,0.982,1.675,0.215,0.938
2020-12-03,0.977,1.672,0.202,0.911
2020-12-04,0.964,1.65,0.215,0.973
2020-12-05,0.97,1.664,0.20966666666666667,0.958
2020-12-06,0.97,1.664,0.20433333333333334,0.9430000000000001
2020-12-07,0.963,1.647,0.199,0.928
2020-12-08,0.959,1.642,0.205,0.921
2020-12-09,0.975,1.659,0.216,0.938
2020-12-10,0.974,1.654,0.196,0.906
2020-12-11,0.98,1.663,0.177,0.896
2020-12-12,0.977,1.657,0.17633333333333331,0.8966666666666667
2020-12-13,0.977,1.657,0.17566666666666667,0.8973333333333333
2020-12-14,0.986,1.672,0.175,0.898
2020-12-15,0.985,1.672,0.175,0.911
2020-12-16,0.988,1.686,0.177,0.92
2020-12-17,1.001,1.734,0.185,0.935
2020-12-18,0.961,1.7,0.18,0.945
2020-12-19,0.965,1.707,0.18,0.9426666666666667
2020-12-20,0.965,1.707,0.18,0.9403333333333332
2020-12-21,0.96,1.679,0.18,0.938
2020-12-22,0.945,1.657,0.17,0.921
2020-12-23,0.932,1.64,0.172,0.945
2020-12-24,0.95,1.682,0.167,0.926
2020-12-25,0.952,1.692,0.167,0.92525
2020-12-26,0.952,1.692,0.167,0.9245000000000001
2020-12-27,0.952,1.692,0.167,0.9237500000000001
2020-12-28,0.959,1.681,0.167,0.923
2020-12-29,0.972,1.698,0.173,0.94
2020-12-30,0.979,1.712,0.167,0.926
2020-12-31,0.97,1.722,0.168,0.916
2021-01-01,0.97,1.722,0.1665,0.9165000000000001
2021-01-02,0.97,1.722,0.165,0.917
2021-01-03,0.97,1.722,0.1635,0.9175
2021-01-04,0.953,1.721,0.162,0.918
2021-01-05,0.936,1.69,0.173,0.955
2021-01-06,0.953,1.731,0.202,1.039
2021-01-07,0.963,1.725,0.213,1.081
2021-01-08,0.98,1.733,0.224,1.119
2021-01-09,0.977,1.72,0.224,1.1273333333333333
2021-01-10,0.977,1.72,0.224,1.1356666666666666
2021-01-11,0.97,1.693,0.224,1.144
2021-01-12,0.976,1.718,0.232,1.129
2021-01-13,0.979,1.719,0.224,1.092
2021-01-14,0.989,1.734,0.224,1.129
2021-01-15,0.974,1.731,0.206,1.087
2021-01-16,0.97,1.73,0.208,1.0913333333333333
2021-01-17,0.97,1.73,0.21,1.0956666666666668
2021-01-18,0.968,1.715,0.212,1.1
2021-01-19,0.974,1.711,0.201,1.092
2021-01-20,0.977,1.703,0.193,1.077
2021-01-21,0.971,1.708,0.191,1.109
2021-01-22,0.993,1.759,0.188,1.086
2021-01-23,0.99,1.755,0.18466666666666667,1.0683333333333334
2021-01-24,0.99,1.755,0.18133333333333332,1.0506666666666666
2021-01-25,1.006,1.78,0.178,1.033
2021-01-26,1.007,1.77,0.178,1.033
2021-01-27,0.982,1.757,0.178,1.013
2021-01-28,0.977,1.764,0.186,1.052
2021-01-29,0.971,1.768,0.175,1.071
2021-01-30,0.972,1.765,0.1743333333333333,1.0736666666666665
2021-01-31,0.972,1.765,0.17366666666666666,1.0763333333333334
2021-02-01,0.995,1.804,0.173,1.079
2021-02-02,0.98,1.758,0.178,1.095
2021-02-03,0.98,1.768,0.189,1.139
2021-02-04,0.984,1.795,0.186,1.136
2021-02-05,0.983,1.793,0.181,1.169
2021-02-06,0.982,1.782,0.18366666666666667,1.1713333333333333
2021-02-07,0.982,1.782,0.18633333333333332,1.1736666666666666
2021-02-08,1.001,1.822,0.189,1.176
2021-02-09,0.99,1.812,0.187,1.16
2021-02-10,0.996,1.831,0.185,1.124
2021-02-11,0.992,1.83,0.188,1.165
2021-02-12,0.992,1.83,0.196,1.21
2021-02-13,0.992,1.83,0.20033333333333334,1.2233333333333334
2021-02-14,0.992,1.83,0.20466666666666666,1.2366666666666666
2021-02-15,0.998,1.872,0.209,1.25
2021-02-16,0.985,1.85,0.23,1.311
2021-02-17,0.986,1.862,0.209,1.282
2021-02-18,0.985,1.854,0.206,1.297
2021-02-19,0.997,1.875,0.214,1.34
2021-02-20,0.995,1.877,0.21866666666666668,1.3496666666666668
2021-02-21,0.995,1.877,0.22333333333333333,1.3593333333333333
2021-02-22,1.02,1.921,0.228,1.369
2021-02-23,1.023,1.91,0.215,1.343
2021-02-24,1.006,1.851,0.238,1.372
2021-02-25,0.994,1.881,0.355,1.53
2021-02-26,1.02,1.96,0.281,1.407
2021-02-27,1.02,1.97,0.27133333333333337,1.4133333333333333
2021-02-28,1.02,1.97,0.26166666666666666,1.4196666666666666
2021-03-01,1.02,1.97,0.252,1.426
2021-03-02,1.021,1.966,0.25,1.398
2021-03-03,1.018,1.952,0.29,1.484
2021-03-04,1.03,1.972,0.306,1.557
2021-03-05,1.065,1.991,0.312,1.577
2021-03-06,1.067,1.995,0.32266666666666666,1.5856666666666666
2021-03-07,1.067,1.995,0.3333333333333333,1.5943333333333334
2021-03-08,1.136,2.024,0.344,1.603
2021-03-09,1.204,2.035,0.318,1.528
2021-03-10,1.183,2.037,0.326,1.521
2021-03-11,1.179,2.028,0.318,1.535
2021-03-12,1.222,2.09,0.339,1.625
2021-03-13,1.23,2.105,0.338,1.619
2021-03-14,1.23,2.105,0.337,1.613
2021-03-15,1.247,2.154,0.336,1.607
2021-03-16,1.177,2.1,0.339,1.621
2021-03-17,1.177,2.134,0.305,1.646
2021-03-18,1.131,2.15,0.326,1.706
2021-03-19,1.146,2.098,0.334,1.73
2021-03-20,1.142,2.115,0.32966666666666666,1.7183333333333333
2021-03-21,1.142,2.115,0.32533333333333336,1.7066666666666668
2021-03-22,1.13,2.058,0.321,1.695
2021-03-23,1.129,2.031,0.305,1.622
2021-03-24,1.115,1.995,0.306,1.614
2021-03-25,1.088,1.967,0.295,1.633
2021-03-26,1.116,2.004,0.308,1.674
2021-03-27,1.125,2.01,0.31166666666666665,1.6883333333333332
2021-03-28,1.125,2.01,0.31533333333333335,1.7026666666666668
2021-03-29,1.119,1.981,0.319,1.717
2021-03-30,1.155,2.063,0.327,1.71
2021-03-31,1.133,2.057,0.349,1.744
2021-04-01,1.138,2.023,0.338,1.673
2021-04-02,1.151,2.049,0.338,1.673
2021-04-03,1.147,2.052,0.3453333333333333,1.6843333333333335
2021-04-04,1.147,2.052,0.3526666666666667,1.6956666666666667
2021-04-05,1.202,2.094,0.36,1.707
2021-04-06,1.18,2.068,0.336,1.658
2021-04-07,1.181,2.064,0.333,1.679
2021-04-08,1.15,2.012,0.32,1.626
2021-04-09,1.169,2.03,0.336,1.662
2021-04-10,1.167,2.025,0.3413333333333333,1.6643333333333332
2021-04-11,1.167,2.025,0.3466666666666667,1.6666666666666667
2021-04-12,1.142,2.005,0.352,1.669
2021-04-13,1.139,2.028,0.351,1.62
2021-04-14,1.102,1.99,0.357,1.634
2021-04-15,1.149,2.02,0.341,1.574
2021-04-16,1.155,2.024,0.346,1.59
2021-04-17,1.147,2.022,0.3443333333333333,1.5966666666666667
2021-04-18,1.147,2.022,0.3426666666666667,1.6033333333333335
2021-04-19,1.129,1.981,0.341,1.61
2021-04-20,1.134,2.003,0.322,1.566
2021-04-21,1.11,2.005,0.32,1.559
2021-04-22,1.105,1.989,0.314,1.542
2021-04-23,1.12,2.043,0.335,1.559
2021-04-24,1.117,2.045,0.33766666666666667,1.562
2021-04-25,1.117,2.045,0.3403333333333334,1.565
2021-04-26,1.12,2.089,0.343,1.568
2021-04-27,1.097,2.071,0.359,1.625
2021-04-28,1.104,2.082,0.335,1.611
2021-04-29,1.121,2.098,0.338,1.641
2021-04-30,1.141,2.128,0.332,1.626
2021-05-01,1.137,2.13,0.32866666666666666,1.617
2021-05-02,1.137,2.13,0.32533333333333336,1.6079999999999999
2021-05-03,1.15,2.124,0.322,1.599
2021-05-04,1.158,2.13,0.319,1.591
2021-05-05,1.157,2.13,0.308,1.571
2021-05-06,1.14,2.102,0.311,1.57
2021-05-07,1.137,2.123,0.292,1.579
2021-05-10,1.137,2.134,0.297,1.604
2021-05-11,1.128,2.139,0.303,1.622
2021-05-12,1.121,2.125,0.355,1.693
2021-05-13,1.124,2.156,0.337,1.659
2021-05-14,1.116,2.16,0.329,1.635
2021-05-15,1.112,2.155,0.33166666666666667,1.6406666666666667
2021-05-16,1.112,2.155,0.33433333333333337,1.6463333333333332
2021-05-17,1.107,2.117,0.337,1.652
2021-05-18,1.1,2.118,0.326,1.64
2021-05-19,1.095,2.12,0.35,1.676
2021-05-20,1.103,2.135,0.324,1.628
2021-05-21,1.095,2.124,0.329,1.623
2021-05-22,1.092,2.117,0.32633333333333336,1.6163333333333334
2021-05-23,1.092,2.117,0.32366666666666666,1.6096666666666666
2021-05-24,1.116,2.12,0.321,1.603
2021-05-25,1.143,2.129,0.303,1.56
2021-05-26,1.161,2.127,0.306,1.581
2021-05-27,1.124,2.112,0.306,1.606
2021-05-28,1.162,2.132,0.292,1.581
2021-05-29,1.162,2.137,0.295,1.5906666666666667
2021-05-30,1.162,2.137,0.298,1.6003333333333334
2021-05-31,1.228,2.179,0.301,1.61
2021-06-01,1.213,2.185,0.303,1.606
2021-06-02,1.206,2.202,0.303,1.589
2021-06-03,1.191,2.195,0.325,1.625
2021-06-04,1.22,2.173,0.303,1.557
2021-06-05,1.215,2.167,0.305,1.561
2021-06-06,1.215,2.167,0.307,1.565
2021-06-07,1.201,2.156,0.309,1.569
2021-06-08,1.174,2.116,0.303,1.538
2021-06-09,1.137,2.104,0.315,1.492
2021-06-10,1.282,2.085,0.292,1.437
2021-06-11,1.276,2.101,0.31,1.454
2021-06-12,1.242,2.08,0.318,1.4683333333333333
2021-06-13,1.242,2.08,0.326,1.4826666666666668
2021-06-14,1.287,2.096,0.334,1.497
2021-06-15,1.307,2.071,0.336,1.489
2021-06-16,1.286,2.071,0.416,1.581
2021-06-17,1.327,2.079,0.434,1.511
2021-06-18,1.313,2.041,0.469,1.443
2021-06-19,1.312,2.035,0.47,1.461
2021-06-20,1.312,2.035,0.471,1.479
2021-06-21,1.351,2.006,0.472,1.497
2021-06-22,1.331,2.05,0.44,1.467
2021-06-23,1.338,2.041,0.462,1.485
2021-06-24,1.384,2.057,0.475,1.499
2021-06-25,1.441,2.1,0.476,1.524
2021-06-26,1.444,2.102,0.4716666666666667,1.51
2021-06-27,1.444,2.102,0.4673333333333333,1.496
2021-06-28,1.47,2.137,0.463,1.482
2021-06-29,1.459,2.11,0.46,1.475
2021-06-30,1.448,2.092,0.463,1.468
2021-07-01,1.469,2.089,0.466,1.459
2021-07-02,1.484,2.101,0.443,1.431
2021-07-03,1.485,2.105,0.441,1.4326666666666668
2021-07-04,1.485,2.105,0.439,1.4343333333333332
2021-07-05,1.462,2.089,0.437,1.436
2021-07-06,1.465,2.12,0.403,1.352
2021-07-07,1.41,2.039,0.4,1.323
2021-07-08,1.359,2.004,0.363,1.294
2021-07-09,1.375,2.032,0.395,1.361
2021-07-10,1.37,2.035,0.39866666666666667,1.3633333333333333
2021-07-11,1.37,2.035,0.4023333333333334,1.3656666666666668
2021-07-12,1.383,2.022,0.406,1.368
2021-07-13,1.424,2.035,0.467,1.418
2021-07-14,1.391,2.01,0.433,1.349
2021-07-15,1.499,2.028,0.435,1.301
2021-07-16,1.445,2.005,0.433,1.3
2021-07-17,1.466,2.017,0.418,1.2663333333333333
2021-07-18,1.466,2.017,0.403,1.2326666666666668
2021-07-19,1.459,1.972,0.388,1.199
2021-07-20,1.408,1.891,0.364,1.222
2021-07-21,1.383,1.877,0.391,1.292
2021-07-22,1.398,1.922,0.375,1.277
2021-07-23,1.394,1.888,0.375,1.281
2021-07-25,1.387,1.882,0.3765,1.2879999999999998
2021-07-26,1.37,1.863,0.378,1.295
2021-07-27,1.38,1.868,0.364,1.239
2021-07-28,1.419,1.863,0.367,1.238
2021-07-29,1.431,1.889,0.372,1.266
2021-07-30,1.417,1.876,0.343,1.226
2021-07-31,1.415,1.867,0.3325,1.2025000000000001
2021-08-02,1.435,1.907,0.322,1.179
2021-08-03,1.442,1.89,0.314,1.174
2021-08-04,1.418,1.866,0.343,1.18
2021-08-05,1.414,1.878,0.38,1.225
2021-08-06,1.433,1.901,0.413,1.305
2021-08-07,1.435,1.895,0.4195,1.315
2021-08-09,1.43,1.915,0.426,1.325
2021-08-10,1.433,1.917,0.453,1.354
2021-08-11,1.419,1.934,0.449,1.335
2021-08-12,1.413,1.921,0.459,1.361
2021-08-13,1.407,1.924,0.43,1.283
2021-08-15,1.402,1.92,0.4275,1.2755
2021-08-16,1.402,1.92,0.425,1.268
2021-08-17,1.402,1.889,0.428,1.267
2021-08-18,1.388,1.88,0.428,1.26
2021-08-19,1.36,1.868,0.436,1.243
2021-08-20,1.364,1.852,0.446,1.255
2021-08-21,1.36,1.852,0.44266666666666665,1.2543333333333333
2021-08-22,1.402,1.92,0.43933333333333335,1.2536666666666665
2021-08-23,1.388,1.886,0.436,1.253
2021-08-24,1.439,1.939,0.447,1.297
2021-08-25,1.437,1.936,0.454,1.349
2021-08-26,1.399,1.927,0.46,1.354
2021-08-27,1.409,1.939,0.42,1.31
2021-08-28,1.405,1.937,0.412,1.3
2021-08-29,1.405,1.937,0.404,1.29
2021-08-30,1.398,1.913,0.396,1.28
2021-08-31,1.395,1.912,0.407,1.307
2021-09-01,1.417,1.942,0.407,1.299
2021-09-02,1.422,1.94,0.404,1.285
2021-09-03,1.438,1.943,0.407,1.326
2021-09-05,1.437,1.942,0.40549999999999997,1.331
2021-09-06,1.46,1.971,0.404,1.336
2021-09-07,1.464,1.974,0.429,1.377
2021-09-08,1.493,2.019,0.443,1.336
2021-09-09,1.498,2.0,0.438,1.297
2021-09-10,1.502,2.008,0.446,1.343
2021-09-11,1.497,1.995,0.44433333333333336,1.3373333333333333
2021-09-12,1.497,1.995,0.44266666666666665,1.3316666666666668
2021-09-13,1.523,2.035,0.441,1.326
2021-09-14,1.534,2.058,0.433,1.284
2021-09-15,1.492,2.024,0.438,1.304
2021-09-16,1.51,2.043,0.459,1.336
2021-09-17,1.537,2.066,0.47,1.363
2021-09-18,1.527,2.072,0.4656666666666667,1.346
2021-09-19,1.527,2.072,0.4613333333333333,1.329
2021-09-20,1.527,2.072,0.457,1.312
2021-09-21,1.527,2.072,0.457,1.328
2021-09-22,1.527,2.072,0.489,1.304
2021-09-23,1.556,2.099,0.537,1.435
2021-09-24,1.574,2.151,0.543,1.453
2021-09-25,1.577,2.157,0.5473333333333333,1.4656666666666667
2021-09-26,1.577,2.157,0.5516666666666667,1.4783333333333335
2021-09-27,1.566,2.167,0.556,1.491
2021-09-28,1.609,2.256,0.556,1.546
2021-09-29,1.609,2.226,0.527,1.524
2021-09-30,1.594,2.237,0.514,1.492
2021-10-01,1.633,2.259,0.485,1.465
2021-10-02,1.63,2.25,0.49033333333333334,1.4703333333333335
2021-10-03,1.63,2.25,0.49566666666666664,1.4756666666666667
2021-10-04,1.63,2.25,0.501,1.481
2021-10-05,1.65,2.291,0.517,1.528
2021-10-06,1.724,2.4,0.536,1.528
2021-10-07,1.704,2.387,0.563,1.576
2021-10-08,1.701,2.376,0.58,1.612
2021-10-09,1.692,2.362,0.5943333333333333,1.6173333333333333
2021-10-10,1.692,2.362,0.6086666666666667,1.6226666666666667
2021-10-11,1.692,2.362,0.623,1.628
2021-10-12,1.818,2.447,0.605,1.572
2021-10-13,1.824,2.401,0.654,1.542
2021-10-14,1.812,2.351,0.641,1.516
2021-10-15,1.795,2.355,0.694,1.574
2021-10-16,1.792,2.36,0.7063333333333333,1.5796666666666668
2021-10-17,1.82,2.389,0.7186666666666667,1.5853333333333333
2021-10-18,1.873,2.399,0.731,1.591
2021-10-19,1.869,2.38,0.72,1.641
2021-10-20,1.846,2.39,0.718,1.66
2021-10-21,1.834,2.387,0.792,1.696
2021-10-22,1.889,2.411,0.774,1.638
2021-10-23,1.9,2.408,0.7653333333333333,1.6363333333333332
2021-10-24,1.9,2.408,0.7566666666666667,1.6346666666666667
2021-10-25,1.919,2.426,0.748,1.633
2021-10-26,1.947,2.456,0.761,1.61
2021-10-27,2.039,2.484,0.772,1.55
2021-10-28,2.013,2.391,0.764,1.578
2021-10-29,2.102,2.583,0.756,1.561
2021-10-30,2.107,2.563,0.759,1.561
2021-10-31,2.107,2.563,0.762,1.561
2021-11-01,2.098,2.498,0.765,1.561
2021-11-02,2.04,2.48,0.714,1.547
2021-11-03,2.036,2.47,0.757,1.603
2021-11-04,2.04,2.428,0.689,1.53
2021-11-05,1.944,2.35,0.657,1.455
2021-11-06,1.96,2.35,0.6786666666666666,1.4676666666666667
2021-11-07,1.96,2.35,0.7003333333333334,1.4803333333333335
2021-11-08,1.906,2.328,0.722,1.493
2021-11-09,1.865,2.294,0.729,1.439
2021-11-10,1.876,2.307,0.85,1.57
2021-11-11,1.912,2.34,0.877,1.578
2021-11-12,1.969,2.342,0.85,1.57
2021-11-13,1.96,2.35,0.8563333333333333,1.586
2021-11-14,1.96,2.35,0.8626666666666667,1.602
2021-11-15,1.912,2.299,0.869,1.618
2021-11-16,1.967,2.335,0.872,1.64
2021-11-17,1.975,2.36,0.845,1.585
2021-11-18,1.953,2.338,0.843,1.587
2021-11-19,1.964,2.371,0.862,1.548
2021-11-20,1.972,2.38,0.8913333333333333,1.576
2021-11-21,1.972,2.38,0.9206666666666666,1.6039999999999999
2021-11-22,2.017,2.386,0.95,1.632
2021-11-23,2.032,2.4,0.947,1.676
2021-11-24,2.013,2.394,0.967,1.643
2021-11-25,1.933,2.347,0.932,1.596
2021-11-26,1.862,2.253,0.812,1.482
2021-11-27,1.872,2.262,0.8056666666666668,1.4886666666666666
2021-11-28,1.872,2.262,0.7993333333333333,1.4953333333333334
2021-11-29,1.841,2.265,0.793,1.502
2021-11-30,1.804,2.218,0.844,1.456
2021-12-01,1.812,2.181,0.817,1.404
2021-12-02,1.835,2.194,0.89,1.444
2021-12-03,1.901,2.233,0.858,1.356
2021-12-04,1.897,2.235,0.8733333333333333,1.3816666666666668
2021-12-05,1.897,2.235,0.8886666666666667,1.4073333333333333
2021-12-06,1.864,2.212,0.904,1.433
2021-12-07,1.872,2.24,0.966,1.482
2021-12-08,1.833,2.186,1.008,1.528
2021-12-09,1.794,2.188,1.013,1.497
2021-12-10,1.806,2.202,0.982,1.482
2021-12-11,1.797,2.195,0.9703333333333333,1.4593333333333334
2021-12-12,1.797,2.195,0.9586666666666667,1.4366666666666665
2021-12-13,1.794,2.169,0.947,1.414
2021-12-14,1.783,2.167,0.976,1.441
2021-12-15,1.809,2.166,0.976,1.458
2021-12-16,1.766,2.147,0.902,1.424
2021-12-17,1.773,2.153,0.923,1.407
2021-12-18,1.76,2.152,0.9203333333333333,1.414
2021-12-19,1.76,2.152,0.9176666666666667,1.421
2021-12-20,1.741,2.108,0.915,1.428
2021-12-21,1.719,2.095,0.947,1.467
2021-12-22,1.759,2.148,0.947,1.453
2021-12-23,1.805,2.215,0.971,1.493
2021-12-24,1.802,2.21,0.9735,1.489
2021-12-25,1.795,2.202,0.976,1.485
2021-12-26,1.795,2.202,0.9784999999999999,1.481
2021-12-27,1.776,2.212,0.981,1.477
2021-12-28,1.786,2.196,0.979,1.484
2021-12-29,1.783,2.18,0.987,1.556
2021-12-30,1.802,2.248,0.957,1.507
2021-12-31,1.795,2.255,0.96,1.512
2022-01-01,1.795,2.255,0.9806666666666667,1.5536666666666668
2022-01-02,1.778,2.175,1.0013333333333334,1.5953333333333333
2022-01-03,1.856,2.323,1.022,1.637
2022-01-04,1.865,2.314,1.013,1.649
2022-01-05,1.913,2.375,1.084,1.7
2022-01-06,2.01,2.481,1.138,1.728
2022-01-07,2.014,2.458,1.161,1.765
2022-01-08,2.025,2.457,1.169,1.7616666666666665
2022-01-09,2.025,2.457,1.177,1.7583333333333333
2022-01-10,2.061,2.484,1.185,1.755
2022-01-11,2.038,2.485,1.177,1.746
2022-01-12,2.0,2.428,1.234,1.752
2022-01-13,1.952,2.397,1.194,1.701
2022-01-14,2.046,2.453,1.266,1.793
2022-01-15,2.045,2.464,1.2786666666666666,1.7983333333333333
2022-01-16,2.045,2.464,1.2913333333333334,1.8036666666666665
2022-01-17,2.148,2.568,1.304,1.809
2022-01-18,2.127,2.553,1.36,1.875
2022-01-19,2.073,2.536,1.353,1.854
2022-01-20,2.119,2.557,1.315,1.811
2022-01-21,2.132,2.54,1.302,1.77
2022-01-22,2.135,2.542,1.2886666666666666,1.772
2022-01-23,2.135,2.542,1.2753333333333334,1.774
2022-01-24,2.111,2.538,1.262,1.776
2022-01-25,2.174,2.576,1.273,1.776
2022-01-26,2.156,2.573,1.406,1.873
2022-01-27,2.217,2.612,1.419,1.803
2022-01-28,2.188,2.586,1.382,1.778
2022-01-29,2.192,2.59,1.383,1.78
2022-01-30,2.192,2.59,1.384,1.782
2022-01-31,2.192,2.59,1.385,1.784
2022-02-01,2.192,2.59,1.383,1.795
2022-02-02,2.192,2.59,1.364,1.771
2022-02-03,2.159,2.568,1.429,1.836
2022-02-04,2.195,2.619,1.54,1.916
2022-02-05,2.182,2.602,1.5363333333333333,1.917
2022-02-06,2.182,2.602,1.5326666666666666,1.918
2022-02-07,2.236,2.637,1.529,1.919
2022-02-08,2.303,2.734,1.577,1.965
2022-02-09,2.279,2.689,1.629,1.945
2022-02-10,2.264,2.686,1.842,2.043
2022-02-11,2.345,2.749,1.715,1.918
2022-02-12,2.347,2.735,1.742,1.9406666666666665
2022-02-13,2.347,2.735,1.7690000000000001,1.9633333333333334
2022-02-14,2.344,2.707,1.796,1.986
2022-02-15,2.343,2.71,1.804,2.043
2022-02-16,2.325,2.701,1.761,2.04
2022-02-17,2.295,2.708,1.702,1.968
2022-02-18,2.323,2.728,1.678,1.927
2022-02-21,2.368,2.774,1.643,1.873
2022-02-22,2.327,2.717,1.757,1.944
2022-02-23,2.32,2.724,1.787,1.998
2022-02-24,2.225,2.622,1.757,1.97
2022-02-25,2.244,2.671,1.761,1.97
2022-02-26,2.242,2.667,1.7146666666666666,1.9206666666666667
2022-02-27,2.242,2.667,1.6683333333333334,1.8713333333333333
2022-02-28,2.242,2.675,1.622,1.822
2022-03-01,2.245,2.685,1.486,1.716
2022-03-02,2.187,2.613,1.677,1.878
2022-03-03,2.193,2.647,1.677,1.84
2022-03-04,2.216,2.662,1.62,1.737
2022-03-05,2.2,2.647,1.641,1.7503333333333333
2022-03-06,2.2,2.647,1.6620000000000001,1.7636666666666667
2022-03-07,2.289,2.707,1.683,1.777
2022-03-08,2.287,2.722,1.744,1.84
2022-03-09,2.28,2.717,1.849,1.951
2022-03-10,2.267,2.726,1.882,1.993
2022-03-11,2.257,2.7,1.922,1.997
2022-03-12,2.247,2.695,1.9653333333333334,2.0453333333333332
2022-03-13,2.247,2.695,2.0086666666666666,2.0936666666666666
2022-03-14,2.284,2.738,2.052,2.142
2022-03-15,2.288,2.759,2.047,2.149
2022-03-16,2.27,2.765,2.151,2.192
2022-03-17,2.217,2.704,2.116,2.167
2022-03-18,2.231,2.737,2.144,2.153
2022-03-20,2.227,2.731,2.232,2.225
2022-03-21,2.268,2.741,2.32,2.297
2022-03-22,2.399,2.833,2.384,2.381
2022-03-23,2.427,2.832,2.307,2.29
2022-03-24,2.453,2.855,2.368,2.37
2022-03-25,2.503,2.868,2.52,2.488
2022-03-26,2.515,2.877,2.537,2.4806666666666666
2022-03-27,2.515,2.877,2.5540000000000003,2.4733333333333336
2022-03-28,2.742,3.028,2.571,2.466
2022-03-29,2.702,2.972,2.552,2.398
2022-03-30,2.614,2.885,2.486,2.358
2022-03-31,2.664,2.969,2.515,2.345
2022-04-01,2.783,3.007,2.638,2.389
2022-04-02,2.782,3.005,2.6229999999999998,2.390333333333333
2022-04-03,2.782,3.005,2.608,2.3916666666666666
2022-04-04,2.841,3.072,2.593,2.393
2022-04-05,2.877,3.08,2.71,2.554
2022-04-06,2.941,3.134,2.662,2.598
2022-04-07,2.908,3.132,2.666,2.665
2022-04-08,2.985,3.167,2.731,2.704
2022-04-09,3.0,3.181,2.7293333333333334,2.7273333333333336
2022-04-10,3.0,3.181,2.7276666666666665,2.7506666666666666
2022-04-11,3.177,3.298,2.726,2.774
2022-04-12,3.106,3.314,2.625,2.727
2022-04-13,2.999,3.284,2.581,2.703
2022-04-14,2.892,3.223,2.682,2.828
2022-04-15,2.941,3.29,2.67875,2.83525
2022-04-16,2.953,3.32,2.6755,2.8425000000000002
2022-04-17,2.953,3.32,2.67225,2.8497500000000002
2022-04-18,2.985,3.352,2.669,2.857
2022-04-19,2.992,3.363,2.823,2.94
2022-04-20,2.961,3.315,2.782,2.834
2022-04-21,2.92,3.29,2.878,2.908
2022-04-22,2.986,3.347,2.865,2.905
2022-04-23,2.96,3.305,2.845666666666667,2.876
2022-04-24,2.96,3.305,2.8263333333333334,2.847
2022-04-25,2.884,3.21,2.807,2.818
2022-04-26,2.859,3.195,2.658,2.728
2022-04-27,2.868,3.163,2.749,2.826
2022-04-28,2.926,3.168,2.785,2.832
2022-04-29,2.958,3.245,2.894,2.938
2022-04-30,2.96,3.235,2.9053333333333335,2.951
2022-05-01,2.96,3.235,2.9166666666666665,2.964
2022-05-02,3.08,3.372,2.928,2.977
2022-05-03,3.138,3.408,2.97,2.979
2022-05-04,3.217,3.462,2.836,2.946
2022-05-05,3.175,3.428,2.912,3.035
2022-05-06,3.141,3.437,2.952,3.142
2022-05-07,3.145,3.42,2.904333333333333,3.106
2022-05-08,3.145,3.42,2.856666666666667,3.07
2022-05-09,3.06,3.413,2.809,3.034
2022-05-10,3.046,3.403,2.801,2.989
2022-05-11,2.935,3.273,2.835,2.925
2022-05-12,2.901,3.167,2.772,2.855
2022-05-13,2.907,3.216,2.783,2.928
2022-05-14,2.922,3.23,2.771,2.914
2022-05-15,2.922,3.23,2.759,2.9
2022-05-16,3.051,3.291,2.747,2.886
2022-05-17,3.033,3.289,2.901,2.995
2022-05-18,3.072,3.32,2.838,2.884
2022-05-19,3.046,3.307,2.772,2.837
2022-05-20,3.013,3.247,2.736,2.788
2022-05-21,3.005,3.24,2.7553333333333336,2.812333333333333
2022-05-22,3.005,3.24,2.7746666666666666,2.836666666666667
2022-05-23,3.018,3.257,2.794,2.861
2022-05-24,2.967,3.216,2.651,2.754
2022-05-25,2.931,3.173,2.634,2.751
2022-05-26,2.955,3.239,2.62,2.742
2022-05-27,2.946,3.211,2.642,2.743
2022-05-28,2.95,3.217,2.6733333333333333,2.766
2022-05-29,2.95,3.217,2.7046666666666668,2.7889999999999997
2022-05-30,2.933,3.205,2.736,2.812
2022-05-31,3.024,3.324,2.728,2.849
2022-06-01,3.031,3.33,2.825,2.911
2022-06-02,3.127,3.422,2.819,2.913
2022-06-03,3.12,3.403,2.85,2.941
2022-06-04,3.125,3.407,2.879,2.9739999999999998
2022-06-05,3.125,3.407,2.908,3.007
2022-06-06,3.125,3.407,2.937,3.04
2022-06-07,3.231,3.538,2.912,2.979
2022-06-08,3.214,3.474,2.963,3.027
2022-06-09,3.245,3.465,3.004,3.046
2022-06-10,3.275,3.495,3.241,3.165
2022-06-12,3.275,3.49,3.3689999999999998,3.2635
2022-06-13,3.483,3.644,3.497,3.362
2022-06-14,3.545,3.697,3.595,3.479
2022-06-15,3.674,3.803,3.361,3.292
2022-06-16,3.73,3.76,3.286,3.195
2022-06-17,3.735,3.795,3.349,3.231
2022-06-19,3.75,3.795,3.3785,3.254
2022-06-20,3.695,3.777,3.408,3.277
2022-06-21,3.663,3.776,3.347,3.279
2022-06-22,3.558,3.703,3.199,3.16
2022-06-23,3.597,3.695,3.119,3.089
2022-06-24,3.526,3.642,3.15,3.138
2022-06-25,3.51,3.625,3.1706666666666665,3.159333333333333
2022-06-26,3.51,3.625,3.1913333333333336,3.1806666666666668
2022-06-27,3.57,3.724,3.212,3.202
2022-06-28,3.539,3.664,3.201,3.177
2022-06-29,3.547,3.667,3.109,3.087
2022-06-30,3.549,3.637,3.011,3.017
2022-07-01,3.438,3.489,2.864,2.889
2022-07-02,3.44,3.495,2.8806666666666665,2.9033333333333333
2022-07-03,3.44,3.495,2.8973333333333335,2.9176666666666664
2022-07-04,3.445,3.499,2.914,2.932
2022-07-05,3.315,3.388,2.827,2.818
2022-07-06,3.223,3.282,3.012,2.934
2022-07-07,3.249,3.291,3.045,3.0
2022-07-08,3.315,3.365,3.139,3.08
2022-07-10,3.316,3.36,3.1205,3.0365
2022-07-11,3.324,3.385,3.102,2.993
2022-07-12,3.294,3.355,3.085,2.971
2022-07-13,3.212,3.303,3.151,2.935
2022-07-14,3.263,3.305,3.154,2.958
2022-07-15,3.216,3.257,3.132,2.928
2022-07-17,3.191,3.222,3.1545,2.9585
2022-07-18,3.208,3.264,3.177,2.989
2022-07-19,3.204,3.268,3.24,3.028
2022-07-20,3.298,3.363,3.232,3.03
2022-07-21,3.294,3.374,3.066,2.882
2022-07-22,3.218,3.303,2.922,2.754
2022-07-23,3.208,3.301,2.9455,2.7805
2022-07-25,3.153,3.213,2.969,2.807
2022-07-26,3.12,3.184,3.008,2.803
2022-07-27,3.101,3.132,2.941,2.785
2022-07-28,3.135,3.197,2.809,2.671
2022-07-29,3.01,3.127,2.811,2.658
2022-07-30,2.998,3.125,2.811,2.6346666666666665
2022-07-31,2.998,3.125,2.811,2.6113333333333335
2022-08-01,3.081,3.186,2.811,2.588
2022-08-02,3.022,3.099,3.014,2.748
2022-08-03,3.071,3.139,3.011,2.706
2022-08-04,3.107,3.144,2.983,2.694
2022-08-05,3.08,3.125,3.171,2.827
2022-08-06,3.075,3.115,3.1596666666666664,2.8013333333333335
2022-08-07,3.075,3.115,3.1483333333333334,2.7756666666666665
2022-08-08,3.136,3.178,3.137,2.75
2022-08-09,3.135,3.168,3.205,2.779
2022-08-10,3.159,3.212,3.152,2.785
2022-08-11,3.14,3.239,3.174,2.889
2022-08-12,3.19,3.303,3.188,2.842
2022-08-13,3.177,3.277,3.166,2.8256666666666668
2022-08-14,3.177,3.277,3.144,2.8093333333333335
2022-08-15,3.177,3.277,3.122,2.793
2022-08-16,3.083,3.161,3.21,2.808
2022-08-17,3.088,3.19,3.28,2.902
2022-08-18,3.125,3.221,3.233,2.886
2022-08-19,3.202,3.312,3.269,2.976
2022-08-20,3.192,3.302,3.2976666666666667,2.992
2022-08-21,3.192,3.302,3.3263333333333334,3.008
2022-08-22,3.255,3.35,3.355,3.024
2022-08-23,3.29,3.371,3.347,3.057
2022-08-24,3.309,3.433,3.403,3.109
2022-08-25,3.531,3.595,3.37,3.031
2022-08-26,3.523,3.614,3.382,3.03
2022-08-27,3.535,3.621,3.404333333333333,3.058
2022-08-28,3.535,3.621,3.4266666666666667,3.086
2022-08-29,3.649,3.715,3.449,3.114
2022-08-30,3.639,3.695,3.469,3.112
2022-08-31,3.689,3.747,3.518,3.196
2022-09-01,3.776,3.799,3.549,3.259
2022-09-02,3.678,3.745,3.437,3.195
2022-09-03,3.682,3.73,3.450333333333333,3.204333333333333
2022-09-04,3.682,3.73,3.4636666666666667,3.2136666666666667
2022-09-05,3.616,3.671,3.477,3.223
2022-09-06,3.683,3.71,3.574,3.351
2022-09-07,3.685,3.736,3.489,3.267
2022-09-08,3.543,3.622,3.569,3.323
2022-09-09,3.547,3.62,3.601,3.315
2022-09-10,3.547,3.62,3.605,3.3293333333333335
2022-09-11,3.547,3.62,3.609,3.3436666666666666
2022-09-12,3.547,3.62,3.613,3.358
2022-09-13,3.551,3.645,3.753,3.412
2022-09-14,3.593,3.658,3.789,3.404
2022-09-15,3.775,3.791,3.848,3.449
2022-09-16,3.765,3.772,3.832,3.455
2022-09-17,3.77,3.77,3.8556666666666666,3.468
2022-09-18,3.77,3.77,3.8793333333333333,3.4810000000000003
2022-09-19,3.758,3.799,3.903,3.494
2022-09-20,3.789,3.82,3.942,3.569
2022-09-21,3.86,3.903,4.011,3.534
2022-09-22,4.063,3.987,4.133,3.71
2022-09-23,4.13,4.107,4.223,3.687
2022-09-24,4.2,4.127,4.288333333333333,3.767333333333333
2022-09-25,4.2,4.127,4.353666666666666,3.8476666666666666
2022-09-26,4.463,4.302,4.419,3.928
2022-09-27,4.294,4.206,4.374,3.949
2022-09-28,4.216,4.231,4.156,3.737
2022-09-29,4.323,4.227,4.214,3.782
2022-09-30,4.214,4.109,4.285,3.829
2022-10-01,4.185,4.082,4.227666666666667,3.767
2022-10-02,4.185,4.082,4.170333333333334,3.705
2022-10-03,4.185,4.082,4.113,3.643
2022-10-04,4.084,4.007,4.102,3.635
2022-10-05,4.142,4.068,4.166,3.755
2022-10-06,4.14,4.102,4.273,3.828
2022-10-07,4.275,4.216,4.349,3.888
2022-10-08,4.278,4.21,4.3500000000000005,3.9103333333333334
2022-10-09,4.278,4.21,4.351,3.9326666666666665
2022-10-10,4.278,4.21,4.352,3.955
2022-10-11,4.342,4.304,4.35,3.945
2022-10-12,4.109,4.117,4.314,3.902
2022-10-13,4.203,4.246,4.45,3.95
2022-10-14,4.219,4.2,4.501,4.023
2022-10-15,4.2,4.18,4.481,4.019333333333333
2022-10-16,4.2,4.18,4.461,4.015666666666666
2022-10-17,4.231,4.2,4.441,4.012
2022-10-18,4.236,4.274,4.43,4.007
2022-10-19,4.323,4.378,4.569,4.138
2022-10-20,4.319,4.415,4.652,4.233
2022-10-21,4.495,4.655,4.519,4.219
2022-10-22,4.462,4.62,4.523,4.2283333333333335
2022-10-23,4.462,4.62,4.527,4.237666666666667
2022-10-24,4.299,4.485,4.531,4.247
2022-10-25,4.238,4.385,4.457,4.1
2022-10-26,4.189,4.255,4.386,4.007
2022-10-27,4.208,4.27,4.249,3.927
2022-10-28,4.106,4.163,4.366,4.01
2022-10-29,4.12,4.175,4.390666666666666,4.023333333333333
2022-10-30,4.12,4.175,4.415333333333334,4.036666666666666
2022-10-31,4.189,4.255,4.44,4.05
2022-11-01,4.084,4.171,4.503,4.048
2022-11-02,4.107,4.15,4.558,4.096
2022-11-03,4.172,4.203,4.648,4.149
2022-11-04,4.109,4.178,4.591,4.163
2022-11-05,4.125,4.19,4.6113333333333335,4.181333333333334
2022-11-06,4.125,4.19,4.631666666666667,4.199666666666666
2022-11-07,4.191,4.268,4.652,4.218
2022-11-08,4.162,4.242,4.565,4.128
2022-11-09,4.075,4.168,4.489,4.099
2022-11-10,4.04,4.089,4.178,3.811
2022-11-11,3.836,3.891,4.192,3.824
2022-11-12,3.833,3.9,4.2059999999999995,3.8369999999999997
2022-11-13,3.833,3.9,4.22,3.85
2022-11-14,3.849,3.927,4.234,3.863
2022-11-15,3.757,3.872,4.142,3.777
2022-11-16,3.803,3.891,4.144,3.69
2022-11-17,3.799,3.854,4.222,3.769
2022-11-18,3.806,3.811,4.297,3.829
2022-11-19,3.787,3.796,4.3053333333333335,3.832666666666667
2022-11-20,3.787,3.796,4.313666666666666,3.836333333333333
2022-11-21,3.833,3.763,4.322,3.84
2022-11-22,3.829,3.77,4.288,3.758
2022-11-23,3.859,3.783,4.22,3.689
2022-11-24,3.687,3.623,4.181,3.661
2022-11-25,3.647,3.623,4.216,3.691
2022-11-26,3.64,3.613,4.2123333333333335,3.687
2022-11-27,3.64,3.613,4.208666666666667,3.683
2022-11-28,3.67,3.61,4.205,3.679
2022-11-29,3.723,3.672,4.247,3.75
2022-11-30,3.666,3.654,4.066,3.611
2022-12-01,3.657,3.666,3.967,3.51
2022-12-02,3.617,3.585,3.997,3.492
2022-12-03,3.615,3.575,4.04,3.5223333333333335
2022-12-04,3.615,3.575,4.083,3.5526666666666666
2022-12-05,3.617,3.564,4.126,3.583
2022-12-06,3.634,3.503,4.103,3.531
2022-12-07,3.666,3.51,3.995,3.421
2022-12-08,3.671,3.527,4.054,3.489
2022-12-09,3.583,3.445,4.098,3.586
2022-12-10,3.583,3.445,4.110333333333333,3.5963333333333334
2022-12-11,3.583,3.445,4.1226666666666665,3.6066666666666665
2022-12-12,3.623,3.449,4.135,3.617
2022-12-13,3.625,3.469,3.941,3.501
2022-12-14,3.53,3.407,3.914,3.479
2022-12-15,3.558,3.399,3.947,3.45
2022-12-16,3.538,3.362,3.908,3.488
2022-12-17,3.535,3.35,3.9396666666666667,3.522
2022-12-18,3.535,3.35,3.9713333333333334,3.556
2022-12-19,3.545,3.39,4.003,3.59
2022-12-20,3.687,3.584,4.028,3.692
2022-12-21,3.646,3.567,4.0,3.673
2022-12-22,3.566,3.499,4.042,3.686
2022-12-23,3.625,3.552,4.093,3.751
2022-12-24,3.615,3.551,4.092,3.748333333333333
2022-12-25,3.615,3.551,4.091,3.7456666666666667
2022-12-26,3.664,3.64,4.09,3.743
2022-12-27,3.661,3.612,4.169,3.849
2022-12-28,3.668,3.675,4.181,3.886
2022-12-29,3.718,3.723,4.167,3.82
2022-12-30,3.725,3.735,4.227,3.879
2022-12-31,3.725,3.735,4.226,3.879
2023-01-01,3.725,3.735,4.2250000000000005,3.879
2023-01-02,3.783,3.813,4.224,3.879
2023-01-03,3.659,3.661,4.156,3.752
2023-01-04,3.632,3.598,4.11,3.69
2023-01-05,3.641,3.57,4.21,3.722
2023-01-06,3.681,3.573,3.985,3.56
2023-01-07,3.688,3.575,3.9726666666666666,3.549
2023-01-08,3.688,3.575,3.9603333333333333,3.5380000000000003
2023-01-09,3.58,3.478,3.948,3.527
2023-01-10,3.556,3.462,3.982,3.615
2023-01-11,3.481,3.427,3.92,3.543
2023-01-12,3.466,3.413,3.811,3.444
2023-01-13,3.369,3.301,3.889,3.498
2023-01-14,3.365,3.295,3.8936666666666664,3.5083333333333333
2023-01-15,3.365,3.295,3.8983333333333334,3.518666666666667
2023-01-16,3.455,3.385,3.903,3.529
2023-01-17,3.484,3.444,3.878,3.549
2023-01-18,3.395,3.343,3.73,3.373
2023-01-19,3.24,3.213,3.772,3.399
2023-01-20,3.334,3.28,3.833,3.482
2023-01-21,3.319,3.272,3.8543333333333334,3.495
2023-01-22,3.319,3.272,3.8756666666666666,3.508
2023-01-23,3.319,3.272,3.897,3.521
2023-01-24,3.319,3.272,3.858,3.455
2023-01-25,3.285,3.23,3.841,3.451
2023-01-26,3.274,3.231,3.894,3.506
2023-01-27,3.304,3.283,3.897,3.507
2023-01-28,3.31,3.287,3.915,3.518666666666667
2023-01-29,3.31,3.287,3.933,3.530333333333333
2023-01-30,3.271,3.239,3.951,3.542
2023-01-31,3.334,3.318,3.9,3.51
2023-02-01,3.263,3.239,3.776,3.417
2023-02-02,3.181,3.207,3.773,3.402
2023-02-03,3.11,3.148,3.951,3.519
2023-02-04,3.116,3.155,4.015666666666666,3.5606666666666666
2023-02-05,3.116,3.155,4.080333333333333,3.6023333333333336
2023-02-06,3.283,3.281,4.145,3.644
2023-02-07,3.336,3.303,4.125,3.679
2023-02-08,3.343,3.322,4.081,3.615
2023-02-09,3.4,3.362,4.151,3.664
2023-02-10,3.398,3.368,4.21,3.743
2023-02-11,3.4,3.355,4.208,3.73
2023-02-12,3.4,3.355,4.2059999999999995,3.717
2023-02-13,3.453,3.433,4.204,3.704
2023-02-14,3.429,3.398,4.325,3.753
2023-02-15,3.497,3.462,4.351,3.803
2023-02-16,3.505,3.476,4.34,3.863
2023-02-17,3.639,3.627,4.313,3.817
2023-02-18,3.637,3.619,4.329,3.8283333333333336
2023-02-19,3.637,3.619,4.345,3.8396666666666666
2023-02-20,3.661,3.621,4.361,3.851
2023-02-21,3.624,3.6,4.441,3.954
2023-02-22,3.656,3.646,4.435,3.927
2023-02-23,3.594,3.588,4.419,3.89
2023-02-24,3.558,3.534,4.534,3.947
2023-02-25,3.551,3.52,4.524666666666667,3.9386666666666668
2023-02-26,3.551,3.52,4.515333333333333,3.9303333333333335
2023-02-27,3.673,3.608,4.506,3.922
2023-02-28,3.795,3.751,4.529,3.928
2023-03-01,3.81,3.76,4.602,3.994
2023-03-02,3.89,3.84,4.634,4.062
2023-03-03,3.792,3.777,4.604,3.958
2023-03-04,3.79,3.772,4.607,3.96
2023-03-05,3.79,3.772,4.61,3.962
2023-03-06,3.782,3.741,4.613,3.964
2023-03-07,3.726,3.662,4.724,3.97
2023-03-08,3.857,3.723,4.741,3.989
2023-03-09,3.863,3.742,4.549,3.907
2023-03-10,3.699,3.583,4.325,3.704
2023-03-11,3.712,3.582,4.179,3.6510000000000002
2023-03-12,3.712,3.582,4.033,3.598
2023-03-13,3.432,3.398,3.887,3.545
2023-03-14,3.351,3.303,4.1,3.685
2023-03-15,3.476,3.418,3.796,3.462
2023-03-16,3.392,3.392,4.004,3.579
2023-03-17,3.416,3.407,3.73,3.438
2023-03-18,3.402,3.405,3.7563333333333335,3.4530000000000003
2023-03-19,3.402,3.405,3.7826666666666666,3.468
2023-03-20,3.269,3.305,3.809,3.483
2023-03-21,3.294,3.304,3.991,3.608
2023-03-22,3.29,3.295,3.752,3.451
2023-03-23,3.202,3.262,3.616,3.414
2023-03-24,3.155,3.208,3.578,3.372
2023-03-25,3.17,3.222,3.6493333333333333,3.4276666666666666
2023-03-26,3.17,3.222,3.7206666666666663,3.4833333333333334
2023-03-27,3.218,3.257,3.792,3.539
2023-03-28,3.259,3.281,3.886,3.572
2023-03-29,3.255,3.287,3.894,3.566
2023-03-30,3.24,3.303,3.902,3.547
2023-03-31,3.264,3.333,3.799,3.473
2023-04-01,3.29,3.36,3.7756666666666665,3.4536666666666664
2023-04-02,3.29,3.36,3.7523333333333335,3.4343333333333335
2023-04-03,3.348,3.392,3.729,3.415
2023-04-04,3.28,3.316,3.597,3.339
2023-04-05,3.263,3.327,3.574,3.309
2023-04-06,3.21,3.278,3.598,3.303
2023-04-07,3.24,3.288,3.76,3.413
2023-04-08,3.238,3.292,3.764333333333333,3.4136666666666664
2023-04-09,3.238,3.292,3.768666666666667,3.4143333333333334
2023-04-10,3.199,3.244,3.773,3.415
2023-04-11,3.238,3.263,3.787,3.432
2023-04-12,3.226,3.258,3.694,3.4
2023-04-13,3.196,3.267,3.708,3.449
2023-04-14,3.215,3.284,3.831,3.515
2023-04-15,3.21,3.29,3.8636666666666666,3.5453333333333332
2023-04-16,3.21,3.29,3.896333333333333,3.5756666666666668
2023-04-17,3.285,3.348,3.929,3.606
2023-04-18,3.294,3.352,3.918,3.578
2023-04-19,3.333,3.37,3.954,3.591
2023-04-20,3.345,3.417,3.862,3.536
2023-04-21,3.268,3.345,3.884,3.568
2023-04-22,3.25,3.318,3.8569999999999998,3.544
2023-04-23,3.25,3.318,3.83,3.52
2023-04-24,3.23,3.306,3.803,3.496
2023-04-25,3.263,3.322,3.641,3.4
2023-04-26,3.259,3.309,3.694,3.445
2023-04-27,3.288,3.341,3.814,3.528
2023-04-28,3.289,3.355,3.727,3.433
2023-04-29,3.3,3.367,3.772,3.4786666666666664
2023-04-30,3.3,3.367,3.817,3.5243333333333333
2023-05-01,3.3,3.367,3.862,3.57
2023-05-02,3.335,3.372,3.701,3.433
2023-05-03,3.287,3.329,3.566,3.364
2023-05-04,3.208,3.28,3.513,3.377
2023-05-05,3.215,3.277,3.636,3.435
2023-05-06,3.215,3.277,3.662333333333333,3.459
2023-05-07,3.215,3.277,3.6886666666666668,3.483
2023-05-08,3.261,3.308,3.715,3.507
2023-05-09,3.249,3.309,3.721,3.522
2023-05-10,3.275,3.344,3.57,3.439
2023-05-11,3.219,3.289,3.559,3.386
2023-05-12,3.224,3.271,3.658,3.463
2023-05-13,3.23,3.282,3.6626666666666665,3.477666666666667
2023-05-14,3.23,3.282,3.6673333333333336,3.4923333333333333
2023-05-15,3.28,3.332,3.672,3.507
2023-05-16,3.241,3.305,3.747,3.541
2023-05-17,3.273,3.318,3.817,3.572
2023-05-18,3.317,3.368,3.924,3.651
2023-05-19,3.345,3.42,3.961,3.682
2023-05-20,3.337,3.415,3.9696666666666665,3.6943333333333332
2023-05-21,3.337,3.415,3.9783333333333335,3.7066666666666666
2023-05-22,3.321,3.399,3.987,3.719
2023-05-23,3.369,3.468,3.973,3.698
2023-05-24,3.371,3.5,4.064,3.744
2023-05-25,3.481,3.598,4.215,3.823
2023-05-26,3.524,3.635,4.246,3.81
2023-05-27,3.527,3.645,4.247,3.8145
2023-05-28,3.527,3.645,4.248,3.819
2023-05-29,3.527,3.645,4.249,3.764
2023-05-30,3.562,3.652,4.117,3.694
2023-05-31,3.461,3.532,4.052,3.646
2023-06-01,3.477,3.549,3.987,3.601
2023-06-02,3.436,3.495,4.151,3.698
2023-06-04,3.437,3.492,4.1325,3.6935000000000002
2023-06-05,3.502,3.561,4.114,3.689
2023-06-06,3.5,3.55,4.138,3.677
2023-06-07,3.469,3.519,4.219,3.793
2023-06-08,3.543,3.632,4.17,3.718
2023-06-09,3.489,3.591,4.241,3.743
2023-06-10,3.489,3.591,4.237333333333333,3.743
2023-06-11,3.489,3.591,4.233666666666667,3.743
2023-06-12,3.49,3.574,4.23,3.743
2023-06-13,3.484,3.578,4.293,3.827
2023-06-14,3.547,3.637,4.304,3.79
2023-06-15,3.626,3.683,4.246,3.72
2023-06-16,3.584,3.657,4.316,3.767
2023-06-17,3.588,3.658,4.330333333333333,3.7853333333333334
2023-06-18,3.588,3.658,4.344666666666667,3.8036666666666665
2023-06-19,3.585,3.633,4.359,3.822
2023-06-20,3.56,3.641,4.274,3.719
2023-06-21,3.571,3.621,4.297,3.727
2023-06-22,3.592,3.647,4.376,3.797
2023-06-23,3.606,3.66,4.328,3.737
2023-06-24,3.612,3.67,4.323333333333333,3.7323333333333335
2023-06-25,3.612,3.67,4.318666666666667,3.7276666666666665
2023-06-26,3.568,3.611,4.314,3.723
2023-06-27,3.537,3.603,4.394,3.772
2023-06-28,3.559,3.609,4.329,3.714
2023-06-29,3.584,3.625,4.489,3.842
2023-06-30,3.674,3.697,4.533,3.841
2023-07-01,3.656,3.661,4.547666666666667,3.8466666666666667
2023-07-02,3.656,3.661,4.562333333333333,3.8523333333333336
2023-07-03,3.621,3.62,4.577,3.858
2023-07-04,3.619,3.621,4.539,3.839
2023-07-05,3.625,3.652,4.609,3.934
2023-07-06,3.672,3.709,4.676,4.031
2023-07-07,3.735,3.762,4.666,4.066
2023-07-08,3.735,3.758,4.626333333333333,4.044
2023-07-09,3.735,3.758,4.586666666666667,4.022
2023-07-10,3.792,3.854,4.547,4.0
2023-07-11,3.705,3.757,4.559,3.978
2023-07-12,3.701,3.751,4.385,3.861
2023-07-13,3.6,3.654,4.247,3.767
2023-07-14,3.614,3.685,4.376,3.83
2023-07-15,3.615,3.69,4.363666666666667,3.823
2023-07-16,3.615,3.69,4.351333333333334,3.8160000000000003
2023-07-17,3.616,3.664,4.339,3.809
2023-07-18,3.594,3.651,4.348,3.789
2023-07-19,3.542,3.57,4.342,3.748
2023-07-20,3.58,3.602,4.455,3.856
2023-07-21,3.602,3.637,4.446,3.837
2023-07-22,3.602,3.635,4.471333333333333,3.8506666666666667
2023-07-23,3.602,3.635,4.496666666666667,3.8643333333333336
2023-07-24,3.615,3.635,4.522,3.878
2023-07-25,3.646,3.683,4.531,3.89
2023-07-26,3.626,3.66,4.488,3.873
2023-07-27,3.587,3.637,4.579,4.002
2023-07-28,3.633,3.727,4.528,3.957
2023-07-29,3.633,3.731,4.528,3.9603333333333333
2023-07-30,3.633,3.731,4.528,3.9636666666666667
2023-07-31,3.68,3.758,4.528,3.967
2023-08-01,3.646,3.723,4.568,4.037
2023-08-02,3.681,3.799,4.556,4.09
2023-08-03,3.7,3.832,4.576,4.179
2023-08-04,3.74,3.88,4.45,4.042
2023-08-05,3.737,3.874,4.454666666666667,4.060333333333333
2023-08-06,3.737,3.874,4.459333333333333,4.078666666666667
2023-08-07,3.687,3.812,4.464,4.097
2023-08-08,3.647,3.74,4.419,4.028
2023-08-09,3.67,3.768,4.44,4.016
2023-08-10,3.692,3.786,4.513,4.107
2023-08-11,3.7,3.826,4.575,4.158
2023-08-12,3.695,3.82,4.601333333333334,4.1723333333333334
2023-08-13,3.695,3.82,4.627666666666666,4.1866666666666665
2023-08-14,3.743,3.879,4.654,4.201
2023-08-15,3.749,3.9,4.652,4.219
2023-08-16,3.717,3.876,4.669,4.258
2023-08-17,3.791,3.986,4.658,4.284
2023-08-18,3.732,3.918,4.647,4.251
2023-08-19,3.726,3.905,4.6706666666666665,4.281333333333333
2023-08-20,3.726,3.905,4.694333333333334,4.3116666666666665
2023-08-21,3.799,3.977,4.718,4.342
2023-08-22,3.803,3.986,4.761,4.332
2023-08-23,3.766,3.913,4.659,4.196
2023-08-24,3.761,3.88,4.705,4.241
2023-08-25,3.788,3.934,4.737,4.231
2023-08-26,3.79,3.933,4.725666666666667,4.222666666666667
2023-08-27,3.79,3.933,4.714333333333333,4.214333333333333
2023-08-28,3.759,3.871,4.703,4.206
2023-08-29,3.736,3.833,4.583,4.12
2023-08-30,3.73,3.846,4.565,4.112
2023-08-31,3.707,3.822,4.554,4.106
2023-09-01,3.689,3.776,4.581,4.181
2023-09-02,3.687,3.78,4.592333333333333,4.184
2023-09-03,3.687,3.78,4.603666666666667,4.187
2023-09-04,3.74,3.856,4.615,4.206
2023-09-05,3.761,3.888,4.664,4.266
2023-09-06,3.757,3.883,4.743,4.296
2023-09-07,3.849,3.977,4.67,4.25
2023-09-08,3.794,3.896,4.697,4.26
2023-09-09,3.79,3.886,4.701,4.271333333333333
2023-09-10,3.79,3.886,4.705,4.282666666666667
2023-09-11,3.869,3.97,4.709,4.294
2023-09-12,3.863,3.962,4.693,4.28
2023-09-13,3.871,3.953,4.648,4.254
2023-09-14,3.836,3.917,4.687,4.286
2023-09-15,3.85,3.928,4.724,4.336
